screen,protein_1,protein_2,iLIS_best,iLIS_avg,ipTM_best,ipTM_avg,positive,bundle
PTBP1,TLE3,TXN,0.7223,0.4075,0.93,0.762,1,PTBP1/TLE3___TXN.zip
PTBP1,TLE3,FUBP3,0.6805,0.3128,0.49,0.354,1,PTBP1/TLE3___FUBP3.zip
PTBP1,MRPL12,ANP32A,0.6804,0.3323,0.62,0.44,1,PTBP1/MRPL12___ANP32A.zip
PSMA2,SNRPC,TXN,0.672,0.3163,0.86,0.512,1,PSMA2/SNRPC___TXN.zip
PTBP1,SNRPC,TXN,0.672,0.3163,0.86,0.512,1,PTBP1/SNRPC___TXN.zip
PTBP1,CIZ1,SAFB,0.6652,0.6534,0.24,0.246,1,PTBP1/CIZ1___SAFB.zip
PTBP1,SF1,CHERP,0.6518,0.6148,0.21,0.212,1,PTBP1/SF1___CHERP.zip
PTBP1,KHSRP,SRSF11,0.6479,0.3507,0.33,0.264,1,PTBP1/KHSRP___SRSF11.zip
PTBP1,MATR3,CIZ1,0.6367,0.6019,0.24,0.238,1,PTBP1/MATR3___CIZ1.zip
PTBP1,SFPQ,PSPC1,0.6349,0.607,0.55,0.544,1,PTBP1/SFPQ___PSPC1.zip
PTBP1,SFPQ,NONO,0.6307,0.6092,0.59,0.586,1,PTBP1/SFPQ___NONO.zip
PTBP1,RPS12,GFP,0.629,0.1258,0.79,0.27,1,PTBP1/RPS12___GFP.zip
PTBP1,NONO,PSPC1,0.6281,0.5982,0.58,0.57,1,PTBP1/NONO___PSPC1.zip
PTBP1,CDC37,SRSF11,0.6226,0.1245,0.5,0.236,1,PTBP1/CDC37___SRSF11.zip
PTBP1,SNRPC,RAVER1,0.6181,0.4719,0.48,0.398,1,PTBP1/SNRPC___RAVER1.zip
PTBP1,KHSRP,ANP32A,0.6089,0.178,0.61,0.358,1,PTBP1/KHSRP___ANP32A.zip
PTBP1,AGAP3,SRSF11,0.6051,0.2477,0.37,0.288,1,PTBP1/AGAP3___SRSF11.zip
PTBP1,TXN,SAFB,0.6043,0.1209,0.86,0.326,1,PTBP1/TXN___SAFB.zip
PTBP1,SMAP,TLE3,0.596,0.1815,0.45,0.268,1,PTBP1/SMAP___TLE3.zip
PTBP1,FUBP1,TLE3,0.5959,0.1896,0.46,0.292,1,PTBP1/FUBP1___TLE3.zip
POU2F1,NBN,KPNA4,0.5808,0.5198,0.74,0.708,1,POU2F1/NBN___KPNA4.zip
PTBP1,CSTB,ZFR,0.5807,0.2002,0.87,0.462,1,PTBP1/CSTB___ZFR.zip
PTBP1,RBM33,GFP,0.5795,0.123,0.88,0.462,1,PTBP1/RBM33___GFP.zip
PTBP1,ATP5PD,TLE3,0.578,0.4523,0.45,0.396,1,PTBP1/ATP5PD___TLE3.zip
PTBP1,TXN,RAVER1,0.5762,0.1953,0.88,0.546,1,PTBP1/TXN___RAVER1.zip
PTBP1,SET,SRSF11,0.575,0.4212,0.58,0.486,1,PTBP1/SET___SRSF11.zip
PTBP1,ZFR,RPS12,0.5722,0.1593,0.87,0.43,1,PTBP1/ZFR___RPS12.zip
PTBP1,NASP,PDK1,0.5676,0.4749,0.34,0.332,1,PTBP1/NASP___PDK1.zip
PTBP1,NASP,SRSF11,0.5669,0.1416,0.36,0.25,1,PTBP1/NASP___SRSF11.zip
PTBP1,SUGP2,DHX15,0.5643,0.5345,0.78,0.766,1,PTBP1/SUGP2___DHX15.zip
PTBP1,ANP32A,CCNT1,0.56,0.112,0.64,0.276,1,PTBP1/ANP32A___CCNT1.zip
PTBP1,CHERP,DHX15,0.5584,0.5435,0.77,0.758,1,PTBP1/CHERP___DHX15.zip
PTBP1,TLE3,KHSRP,0.5554,0.1901,0.46,0.306,1,PTBP1/TLE3___KHSRP.zip
PTBP1,ANP32A,FUBP3,0.555,0.111,0.56,0.248,1,PTBP1/ANP32A___FUBP3.zip
PTBP1,ANP32A,DAZAP1,0.5527,0.1944,0.61,0.336,1,PTBP1/ANP32A___DAZAP1.zip
PTBP1,SF3B2,SF3A3,0.551,0.4665,0.31,0.318,1,PTBP1/SF3B2___SF3A3.zip
POU2F1,ERLIN1,ERLIN2,0.5481,0.4188,0.6,0.528,1,POU2F1/ERLIN1___ERLIN2.zip
PSMA2,PPIB,PPP1R10,0.5371,0.1163,0.77,0.366,1,PSMA2/PPIB___PPP1R10.zip
PTBP1,NASP,PPP1R10,0.5363,0.4286,0.38,0.382,1,PTBP1/NASP___PPP1R10.zip
PTBP1,SMAP,DHX15,0.5336,0.5087,0.7,0.682,1,PTBP1/SMAP___DHX15.zip
PSMA2,TXN,NBN,0.533,0.1653,0.84,0.526,1,PSMA2/TXN___NBN.zip
PTBP1,NASP,SNRPC,0.5326,0.2572,0.42,0.318,1,PTBP1/NASP___SNRPC.zip
POU2F1,KPNA4,STIP1,0.5259,0.4296,0.7,0.636,1,POU2F1/KPNA4___STIP1.zip
PTBP1,ANP32A,CHERP,0.5225,0.3173,0.67,0.498,1,PTBP1/ANP32A___CHERP.zip
PSMA2,PPIB,STIP1,0.5187,0.1233,0.73,0.394,1,PSMA2/PPIB___STIP1.zip
PTBP1,ZFR,ZNF503,0.5142,0.1511,0.38,0.274,1,PTBP1/ZFR___ZNF503.zip
PTBP1,NASP,SMAP,0.5111,0.3942,0.36,0.306,1,PTBP1/NASP___SMAP.zip
PTBP1,SRSF11,PTBP1,0.5075,0.2814,0.27,0.244,1,PTBP1/SRSF11___PTBP1.zip
PSMA2,SNRPC,PPIB,0.5066,0.1714,0.56,0.282,1,PSMA2/SNRPC___PPIB.zip
PTBP1,NASP,PRMT1,0.5012,0.1769,0.34,0.304,1,PTBP1/NASP___PRMT1.zip
PTBP1,PTBP3,MATR3,0.4973,0.288,0.3,0.268,1,PTBP1/PTBP3___MATR3.zip
PTBP1,PDK1,LUC7L2,0.4957,0.0991,0.71,0.298,1,PTBP1/PDK1___LUC7L2.zip
PTBP1,ZNF503,CDC5L,0.4957,0.2618,0.32,0.254,1,PTBP1/ZNF503___CDC5L.zip
PTBP1,PTBP3,PCBP2,0.4935,0.2051,0.45,0.308,1,PTBP1/PTBP3___PCBP2.zip
PTBP1,CIZ1,PTBP1,0.4928,0.2855,0.3,0.278,1,PTBP1/CIZ1___PTBP1.zip
PTBP1,FAM50A,RBM33,0.4927,0.1093,0.51,0.292,1,PTBP1/FAM50A___RBM33.zip
PTBP1,SAFB,ZNF503,0.4921,0.0984,0.22,0.186,1,PTBP1/SAFB___ZNF503.zip
PTBP1,PTBP3,CIZ1,0.4903,0.272,0.3,0.276,1,PTBP1/PTBP3___CIZ1.zip
POU2F1,ACTR2,POU2F1,0.4899,0.2651,0.8,0.648,1,POU2F1/ACTR2___POU2F1.zip
PTBP1,FUBP1,ANP32A,0.4898,0.1335,0.57,0.358,1,PTBP1/FUBP1___ANP32A.zip
POU2F1,MRPL12,ENO1,0.4895,0.0979,0.76,0.272,1,POU2F1/MRPL12___ENO1.zip
PTBP1,FUBP1,CDC37,0.4882,0.0976,0.5,0.248,1,PTBP1/FUBP1___CDC37.zip
PTBP1,NASP,RBM4,0.4849,0.4454,0.33,0.328,1,PTBP1/NASP___RBM4.zip
PTBP1,NASP,DAZAP1,0.4843,0.3418,0.31,0.254,1,PTBP1/NASP___DAZAP1.zip
PTBP1,SUGP2,DNAJA1,0.4807,0.2611,0.3,0.266,1,PTBP1/SUGP2___DNAJA1.zip
PTBP1,SUGP2,SF1,0.4801,0.1695,0.22,0.192,1,PTBP1/SUGP2___SF1.zip
PTBP1,PTBP3,SRSF11,0.4779,0.3143,0.27,0.254,1,PTBP1/PTBP3___SRSF11.zip
PTBP1,SUGP2,SMAP,0.4771,0.1593,0.28,0.218,1,PTBP1/SUGP2___SMAP.zip
PTBP1,EDC3,PDK1,0.4767,0.3291,0.26,0.236,1,PTBP1/EDC3___PDK1.zip
PTBP1,SNRPC,SUPT5H,0.4721,0.2103,0.41,0.296,1,PTBP1/SNRPC___SUPT5H.zip
PTBP1,NASP,NCL,0.471,0.4116,0.35,0.348,1,PTBP1/NASP___NCL.zip
PTBP1,DDX17,U2SURP,0.4679,0.0936,0.33,0.248,1,PTBP1/DDX17___U2SURP.zip
PTBP1,MATR3,PTBP1,0.4673,0.3363,0.3,0.282,1,PTBP1/MATR3___PTBP1.zip
POU2F1,MRPL12,CDC37,0.4613,0.1473,0.4,0.246,1,POU2F1/MRPL12___CDC37.zip
POU2F1,BOP1,KPNA4,0.46,0.3309,0.67,0.612,1,POU2F1/BOP1___KPNA4.zip
PTBP1,MRPL12,CDC37,0.4592,0.1051,0.4,0.21,1,PTBP1/MRPL12___CDC37.zip
PTBP1,ZFR,PDK1,0.4568,0.0955,0.73,0.402,1,PTBP1/ZFR___PDK1.zip
PTBP1,NASP,CIZ1,0.4565,0.129,0.36,0.256,1,PTBP1/NASP___CIZ1.zip
PSMA2,TXN,MRPL15,0.4537,0.3439,0.79,0.708,1,PSMA2/TXN___MRPL15.zip
POU2F1,EPB41,KPNA4,0.4528,0.3574,0.65,0.578,1,POU2F1/EPB41___KPNA4.zip
PTBP1,CDK4,CCNT1,0.4521,0.4291,0.76,0.75,1,PTBP1/CDK4___CCNT1.zip
PTBP1,SET,EPB41,0.452,0.2297,0.39,0.328,1,PTBP1/SET___EPB41.zip
POU2F1,EPB41,ACTR2,0.4508,0.0902,0.83,0.364,1,POU2F1/EPB41___ACTR2.zip
PSMA2,EPB41,ACTR2,0.4508,0.0902,0.83,0.364,1,PSMA2/EPB41___ACTR2.zip
PTBP1,SFPQ,NASP,0.4489,0.3299,0.34,0.312,1,PTBP1/SFPQ___NASP.zip
PTBP1,PTBP3,RAVER1,0.4489,0.3343,0.29,0.278,1,PTBP1/PTBP3___RAVER1.zip
PTBP1,KHSRP,CHERP,0.4464,0.2745,0.23,0.238,1,PTBP1/KHSRP___CHERP.zip
PTBP1,RAVER1,PTBP1,0.4452,0.2858,0.29,0.266,1,PTBP1/RAVER1___PTBP1.zip
PTBP1,FUBP1,SRSF11,0.4447,0.1757,0.3,0.24,1,PTBP1/FUBP1___SRSF11.zip
PTBP1,SF1,RBM33,0.4446,0.1192,0.35,0.278,1,PTBP1/SF1___RBM33.zip
PTBP1,ZFR,TXN,0.4438,0.264,0.86,0.74,1,PTBP1/ZFR___TXN.zip
PTBP1,ATP5PD,ZFR,0.4424,0.0885,0.45,0.228,1,PTBP1/ATP5PD___ZFR.zip
PTBP1,CSTB,STIP1,0.4415,0.309,0.85,0.722,1,PTBP1/CSTB___STIP1.zip
PSMA2,CIP2A,TXLNA,0.4396,0.0956,0.28,0.24,1,PSMA2/CIP2A___TXLNA.zip
PTBP1,SMAP,ANP32A,0.4381,0.1372,0.5,0.238,1,PTBP1/SMAP___ANP32A.zip
PTBP1,ZNF503,RB1,0.4377,0.1539,0.56,0.334,1,PTBP1/ZNF503___RB1.zip
PTBP1,SMAP,HMGB1,0.4366,0.2595,0.35,0.306,1,PTBP1/SMAP___HMGB1.zip
PTBP1,FUBP3,SRSF11,0.4361,0.1761,0.28,0.232,1,PTBP1/FUBP3___SRSF11.zip
PTBP1,CCNT1,ZBTB33,0.4317,0.0905,0.38,0.232,1,PTBP1/CCNT1___ZBTB33.zip
PTBP1,RAVER1,RBM4,0.4284,0.0857,0.42,0.226,1,PTBP1/RAVER1___RBM4.zip
PTBP1,PDK1,U2SURP,0.4269,0.2514,0.71,0.576,1,PTBP1/PDK1___U2SURP.zip
PTBP1,SMAP,ZFR,0.4269,0.1134,0.34,0.244,1,PTBP1/SMAP___ZFR.zip
PTBP1,SMAP,EPB41,0.4267,0.0904,0.4,0.26,1,PTBP1/SMAP___EPB41.zip
PTBP1,ZBTB33,GFP,0.4267,0.1516,0.81,0.414,1,PTBP1/ZBTB33___GFP.zip
PTBP1,NASP,FUS,0.4181,0.338,0.3,0.262,1,PTBP1/NASP___FUS.zip
PTBP1,ZFR,ZBTB33,0.4171,0.173,0.3,0.246,1,PTBP1/ZFR___ZBTB33.zip
POU2F1,KPNA4,CDK12,0.4164,0.263,0.69,0.586,1,POU2F1/KPNA4___CDK12.zip
PTBP1,SAR1A,AGAP3,0.4154,0.1298,0.77,0.48,1,PTBP1/SAR1A___AGAP3.zip
PTBP1,ZBTB33,ZNF503,0.4142,0.2042,0.19,0.224,1,PTBP1/ZBTB33___ZNF503.zip
PTBP1,FUBP1,CDK4,0.413,0.1127,0.71,0.408,1,PTBP1/FUBP1___CDK4.zip
PTBP1,TLE3,DNAJA1,0.4123,0.2341,0.43,0.296,1,PTBP1/TLE3___DNAJA1.zip
PTBP1,NASP,SF3B2,0.4042,0.3027,0.33,0.304,1,PTBP1/NASP___SF3B2.zip
PTBP1,PSPC1,SRSF11,0.4041,0.2049,0.41,0.296,1,PTBP1/PSPC1___SRSF11.zip
PTBP1,TLE3,GFP,0.4039,0.32,0.35,0.298,1,PTBP1/TLE3___GFP.zip
POU2F1,FUS,POU2F1,0.4035,0.1465,0.27,0.21,1,POU2F1/FUS___POU2F1.zip
POU2F1,ACTR2,SAMM50,0.4034,0.2465,0.81,0.564,1,POU2F1/ACTR2___SAMM50.zip
PTBP1,ZBTB33,SRSF11,0.4029,0.1113,0.24,0.19,1,PTBP1/ZBTB33___SRSF11.zip
PTBP1,MATR3,TXN,0.4019,0.1419,0.85,0.508,1,PTBP1/MATR3___TXN.zip
PTBP1,TLE3,SAFB,0.4016,0.3372,0.3,0.284,1,PTBP1/TLE3___SAFB.zip
POU2F1,MTARC1,COX5B,0.3965,0.207,0.53,0.344,1,POU2F1/MTARC1___COX5B.zip
PTBP1,TXN,ZBTB33,0.3962,0.1264,0.79,0.426,1,PTBP1/TXN___ZBTB33.zip
POU2F1,SEPTIN2,KPNA4,0.3952,0.1385,0.63,0.35,1,POU2F1/SEPTIN2___KPNA4.zip
PTBP1,SAFB,ZBTB33,0.3943,0.0833,0.29,0.198,1,PTBP1/SAFB___ZBTB33.zip
PTBP1,SMAP,RB1,0.3895,0.172,0.44,0.312,1,PTBP1/SMAP___RB1.zip
PSMA2,CIP2A,SAFB,0.3891,0.2089,0.24,0.214,1,PSMA2/CIP2A___SAFB.zip
PTBP1,SF1,SRSF11,0.3887,0.2827,0.25,0.226,1,PTBP1/SF1___SRSF11.zip
PTBP1,TLE3,SRSF11,0.3851,0.3355,0.41,0.374,1,PTBP1/TLE3___SRSF11.zip
PTBP1,NONO,SAFB,0.3839,0.1772,0.37,0.306,1,PTBP1/NONO___SAFB.zip
PTBP1,KHSRP,ZFR,0.3834,0.1823,0.35,0.284,1,PTBP1/KHSRP___ZFR.zip
POU2F1,PSPC1,KPNA4,0.383,0.2196,0.6,0.472,1,POU2F1/PSPC1___KPNA4.zip
PTBP1,SUGP2,NASP,0.383,0.116,0.36,0.278,1,PTBP1/SUGP2___NASP.zip
PTBP1,RAVER1,SRSF11,0.38,0.1453,0.37,0.246,1,PTBP1/RAVER1___SRSF11.zip
POU2F1,BUB3,PRPF19,0.3777,0.1853,0.71,0.536,1,POU2F1/BUB3___PRPF19.zip
PTBP1,SNRPC,CDC5L,0.3765,0.1966,0.36,0.272,1,PTBP1/SNRPC___CDC5L.zip
POU2F1,NBN,SAMM50,0.3763,0.0919,0.68,0.324,1,POU2F1/NBN___SAMM50.zip
PTBP1,NASP,PSPC1,0.3763,0.3306,0.3,0.282,1,PTBP1/NASP___PSPC1.zip
PTBP1,SFPQ,SAFB,0.3741,0.1657,0.32,0.268,1,PTBP1/SFPQ___SAFB.zip
POU2F1,NOP2,COX5B,0.3739,0.0748,0.46,0.25,1,POU2F1/NOP2___COX5B.zip
PTBP1,ZBTB33,DDX17,0.3732,0.0808,0.47,0.28,1,PTBP1/ZBTB33___DDX17.zip
PTBP1,PPP1R10,DNAJA1,0.3714,0.084,0.43,0.26,1,PTBP1/PPP1R10___DNAJA1.zip
PSMA2,MARS2,STIP1,0.3706,0.0741,0.69,0.27,1,PSMA2/MARS2___STIP1.zip
PTBP1,PTBP3,CCAR2,0.3704,0.1697,0.29,0.24,1,PTBP1/PTBP3___CCAR2.zip
PTBP1,ZBTB33,PPP1R10,0.37,0.2541,0.24,0.23,1,PTBP1/ZBTB33___PPP1R10.zip
POU2F1,NOP2,KPNA4,0.3686,0.2884,0.64,0.594,1,POU2F1/NOP2___KPNA4.zip
PTBP1,ZFR,DHX15,0.3677,0.2302,0.7,0.606,1,PTBP1/ZFR___DHX15.zip
PTBP1,SET,STIP1,0.3671,0.2154,0.3,0.272,1,PTBP1/SET___STIP1.zip
PTBP1,NASP,CDC37,0.3655,0.2447,0.41,0.364,1,PTBP1/NASP___CDC37.zip
POU2F1,NBN,SEC31A,0.3654,0.1873,0.35,0.332,1,POU2F1/NBN___SEC31A.zip
PTBP1,PPP1R10,RB1,0.3643,0.1428,0.53,0.384,1,PTBP1/PPP1R10___RB1.zip
PTBP1,SET,SAFB,0.3638,0.0859,0.45,0.294,1,PTBP1/SET___SAFB.zip
PTBP1,EPB41,TLE3,0.3629,0.2692,0.36,0.326,1,PTBP1/EPB41___TLE3.zip
PTBP1,SF3B2,ZNF503,0.3627,0.0725,0.22,0.176,1,PTBP1/SF3B2___ZNF503.zip
PTBP1,FUBP1,RAVER1,0.3624,0.1963,0.44,0.388,1,PTBP1/FUBP1___RAVER1.zip
PTBP1,U2SURP,CDC5L,0.361,0.1344,0.32,0.232,1,PTBP1/U2SURP___CDC5L.zip
PSMA2,EDC3,PPIB,0.3609,0.2448,0.59,0.492,1,PSMA2/EDC3___PPIB.zip
PTBP1,TXN,DNAJA1,0.3606,0.0721,0.72,0.248,1,PTBP1/TXN___DNAJA1.zip
PTBP1,CCNT1,FUBP3,0.3598,0.1385,0.36,0.27,1,PTBP1/CCNT1___FUBP3.zip
PTBP1,FUBP1,ZFR,0.3573,0.2272,0.3,0.278,1,PTBP1/FUBP1___ZFR.zip
PTBP1,CDK4,CDC5L,0.3569,0.2429,0.7,0.558,1,PTBP1/CDK4___CDC5L.zip
POU2F1,BUB3,SETD1A,0.3552,0.2531,0.73,0.702,1,POU2F1/BUB3___SETD1A.zip
PTBP1,NASP,CDC5L,0.3546,0.1046,0.33,0.238,1,PTBP1/NASP___CDC5L.zip
PTBP1,NASP,FUBP3,0.3545,0.0817,0.33,0.228,1,PTBP1/NASP___FUBP3.zip
PTBP1,ZNF503,GFP,0.3542,0.1183,0.63,0.4,1,PTBP1/ZNF503___GFP.zip
PTBP1,SAFB,CDC37,0.3538,0.187,0.23,0.214,1,PTBP1/SAFB___CDC37.zip
PTBP1,HMGB1,SF3A3,0.3516,0.2436,0.46,0.424,1,PTBP1/HMGB1___SF3A3.zip
PTBP1,NASP,NONO,0.3515,0.2935,0.29,0.268,1,PTBP1/NASP___NONO.zip
PTBP1,CIZ1,PSPC1,0.3512,0.1471,0.47,0.38,1,PTBP1/CIZ1___PSPC1.zip
PSMA2,NBN,PPP1R10,0.3508,0.2943,0.26,0.258,1,PSMA2/NBN___PPP1R10.zip
PTBP1,CCNT1,ZNF503,0.3507,0.1891,0.32,0.28,1,PTBP1/CCNT1___ZNF503.zip
PTBP1,SF1,PCCA,0.35,0.3062,0.52,0.492,1,PTBP1/SF1___PCCA.zip
PTBP1,ATP5PD,EDC3,0.3485,0.2617,0.4,0.336,1,PTBP1/ATP5PD___EDC3.zip
POU2F1,NBN,POU2F1,0.3463,0.0722,0.37,0.23,1,POU2F1/NBN___POU2F1.zip
POU2F1,COX5B,CDK12,0.3462,0.2138,0.54,0.462,1,POU2F1/COX5B___CDK12.zip
PTBP1,CIZ1,SET,0.3462,0.226,0.57,0.488,1,PTBP1/CIZ1___SET.zip
POU2F1,BOP1,POU2F1,0.3456,0.0691,0.24,0.202,1,POU2F1/BOP1___POU2F1.zip
POU2F1,MRPL12,KPNA4,0.3454,0.1338,0.48,0.306,1,POU2F1/MRPL12___KPNA4.zip
POU2F1,NBN,SETD1A,0.3436,0.2323,0.31,0.302,1,POU2F1/NBN___SETD1A.zip
PTBP1,TXN,SF1,0.3432,0.0686,0.74,0.338,1,PTBP1/TXN___SF1.zip
PTBP1,CDC37,ZNF503,0.3419,0.2642,0.45,0.4,1,PTBP1/CDC37___ZNF503.zip
POU2F1,NOP2,PRPF19,0.3412,0.161,0.5,0.404,1,POU2F1/NOP2___PRPF19.zip
PTBP1,PTBP3,PPP1R10,0.3412,0.1694,0.27,0.242,1,PTBP1/PTBP3___PPP1R10.zip
PTBP1,FUBP1,CHERP,0.3406,0.1347,0.22,0.21,1,PTBP1/FUBP1___CHERP.zip
PTBP1,CIZ1,CDC37,0.3393,0.0836,0.42,0.274,1,PTBP1/CIZ1___CDC37.zip
PTBP1,NASP,ZFR,0.339,0.2646,0.36,0.332,1,PTBP1/NASP___ZFR.zip
POU2F1,EPB41,CDK12,0.3389,0.2998,0.45,0.426,1,POU2F1/EPB41___CDK12.zip
PTBP1,SMAP,CDC37,0.3386,0.13,0.32,0.224,1,PTBP1/SMAP___CDC37.zip
PTBP1,MRPL12,PDK1,0.3385,0.0677,0.54,0.274,1,PTBP1/MRPL12___PDK1.zip
POU2F1,RAD50,CDC37,0.3373,0.1243,0.47,0.328,1,POU2F1/RAD50___CDC37.zip
PSMA2,GNAI3,PPIB,0.3371,0.1362,0.67,0.454,1,PSMA2/GNAI3___PPIB.zip
PTBP1,FUBP3,FAM50A,0.3366,0.0673,0.41,0.19,1,PTBP1/FUBP3___FAM50A.zip
POU2F1,CDK12,BUB3,0.3364,0.096,0.73,0.432,1,POU2F1/CDK12___BUB3.zip
PTBP1,ANP32A,FAM50A,0.3359,0.1361,0.48,0.308,1,PTBP1/ANP32A___FAM50A.zip
PTBP1,SF1,LUC7L2,0.3336,0.1947,0.52,0.38,1,PTBP1/SF1___LUC7L2.zip
PTBP1,TLE3,PPP1R10,0.3332,0.1946,0.41,0.31,1,PTBP1/TLE3___PPP1R10.zip
PSMA2,NBN,SAFB,0.333,0.3153,0.36,0.362,1,PSMA2/NBN___SAFB.zip
PTBP1,ZFR,HMGB1,0.3321,0.0664,0.39,0.242,1,PTBP1/ZFR___HMGB1.zip
PTBP1,XRN2,SAFB,0.3315,0.1568,0.52,0.356,1,PTBP1/XRN2___SAFB.zip
PTBP1,CIZ1,RB1,0.3309,0.197,0.48,0.372,1,PTBP1/CIZ1___RB1.zip
PTBP1,PTBP3,TLE3,0.3303,0.1913,0.35,0.294,1,PTBP1/PTBP3___TLE3.zip
PTBP1,FUS,SRSF11,0.3296,0.0659,0.18,0.14,1,PTBP1/FUS___SRSF11.zip
PSMA2,SGPL1,ASPH,0.3295,0.188,0.41,0.32,1,PSMA2/SGPL1___ASPH.zip
PTBP1,SF1,ANP32A,0.329,0.0681,0.52,0.292,1,PTBP1/SF1___ANP32A.zip
PTBP1,SUGP2,GFP,0.3285,0.0657,0.72,0.344,1,PTBP1/SUGP2___GFP.zip
PTBP1,RAVER1,RBM33,0.3276,0.0655,0.42,0.248,1,PTBP1/RAVER1___RBM33.zip
PTBP1,NASP,STIP1,0.3272,0.0981,0.39,0.272,1,PTBP1/NASP___STIP1.zip
PTBP1,MATR3,XRN2,0.3268,0.1687,0.56,0.41,1,PTBP1/MATR3___XRN2.zip
PTBP1,MATR3,HMGB1,0.3259,0.0652,0.43,0.226,1,PTBP1/MATR3___HMGB1.zip
PTBP1,SUPT5H,ZBTB33,0.3253,0.1588,0.27,0.266,1,PTBP1/SUPT5H___ZBTB33.zip
PSMA2,GNAI3,PPP1R10,0.3239,0.216,0.72,0.554,1,PSMA2/GNAI3___PPP1R10.zip
POU2F1,HARS2,PRPF19,0.3233,0.0647,0.55,0.23,1,POU2F1/HARS2___PRPF19.zip
PTBP1,STIP1,ANP32A,0.323,0.1737,0.3,0.266,1,PTBP1/STIP1___ANP32A.zip
POU2F1,FUS,GFP,0.3214,0.0751,0.69,0.39,1,POU2F1/FUS___GFP.zip
PTBP1,FUS,GFP,0.3214,0.0751,0.69,0.39,1,PTBP1/FUS___GFP.zip
PTBP1,U2SURP,DHX15,0.3212,0.3014,0.57,0.6,1,PTBP1/U2SURP___DHX15.zip
PTBP1,PRMT1,RBM4,0.321,0.1098,0.6,0.342,1,PTBP1/PRMT1___RBM4.zip
POU2F1,KPNA4,EMC7,0.3209,0.1972,0.45,0.382,1,POU2F1/KPNA4___EMC7.zip
PTBP1,SF3B2,PPP1R10,0.3192,0.1395,0.24,0.214,1,PTBP1/SF3B2___PPP1R10.zip
PTBP1,FUS,ZBTB33,0.3191,0.0638,0.26,0.186,1,PTBP1/FUS___ZBTB33.zip
PTBP1,ANP32A,ZBTB33,0.3186,0.0977,0.52,0.316,1,PTBP1/ANP32A___ZBTB33.zip
PTBP1,NASP,SAFB,0.3185,0.1742,0.32,0.278,1,PTBP1/NASP___SAFB.zip
PTBP1,MATR3,TLE3,0.3176,0.0717,0.4,0.266,1,PTBP1/MATR3___TLE3.zip
PTBP1,FUS,U2SURP,0.3167,0.1594,0.23,0.212,1,PTBP1/FUS___U2SURP.zip
PTBP1,EPB41,CCNT1,0.3156,0.2651,0.4,0.39,1,PTBP1/EPB41___CCNT1.zip
PTBP1,EDC3,RBM4,0.3155,0.127,0.42,0.344,1,PTBP1/EDC3___RBM4.zip
PTBP1,NASP,TLE3,0.3145,0.2513,0.33,0.332,1,PTBP1/NASP___TLE3.zip
PSMA2,SAFB,NUP107,0.3143,0.1688,0.45,0.37,1,PSMA2/SAFB___NUP107.zip
PSMA2,MRPL12,PPIB,0.3129,0.0626,0.46,0.188,1,PSMA2/MRPL12___PPIB.zip
PSMA2,ACTR2,ASPH,0.3104,0.0761,0.72,0.45,1,PSMA2/ACTR2___ASPH.zip
PTBP1,SMAP,RBM4,0.3095,0.0688,0.25,0.164,1,PTBP1/SMAP___RBM4.zip
PTBP1,SF3A3,RBM33,0.309,0.1404,0.45,0.35,1,PTBP1/SF3A3___RBM33.zip
PTBP1,EPB41,LUC7L2,0.3071,0.2376,0.34,0.324,1,PTBP1/EPB41___LUC7L2.zip
POU2F1,BOP1,BUB3,0.3062,0.1063,0.68,0.352,1,POU2F1/BOP1___BUB3.zip
PTBP1,SUGP2,ATP5PD,0.3056,0.1529,0.48,0.41,1,PTBP1/SUGP2___ATP5PD.zip
PTBP1,CSTB,SF1,0.3052,0.061,0.73,0.27,1,PTBP1/CSTB___SF1.zip
POU2F1,SEPTIN2,NOP2,0.3051,0.1218,0.63,0.414,1,POU2F1/SEPTIN2___NOP2.zip
PTBP1,SUPT5H,CCNT1,0.3047,0.087,0.35,0.28,1,PTBP1/SUPT5H___CCNT1.zip
POU2F1,CDC37,SETD1A,0.3037,0.0607,0.46,0.322,1,POU2F1/CDC37___SETD1A.zip
PTBP1,NASP,ZNF503,0.3029,0.2189,0.32,0.282,1,PTBP1/NASP___ZNF503.zip
POU2F1,KPNA4,SETD1A,0.3019,0.1446,0.53,0.488,1,POU2F1/KPNA4___SETD1A.zip
PSMA2,ASPH,PSMA2,0.3018,0.1099,0.71,0.352,1,PSMA2/ASPH___PSMA2.zip
PTBP1,NASP,CCNT1,0.3018,0.0849,0.31,0.264,1,PTBP1/NASP___CCNT1.zip
PTBP1,DAZAP1,AGAP3,0.3016,0.0993,0.31,0.226,1,PTBP1/DAZAP1___AGAP3.zip
PTBP1,ANP32A,CDC5L,0.3016,0.0603,0.54,0.25,1,PTBP1/ANP32A___CDC5L.zip
PTBP1,CCAR2,CCNT1,0.3016,0.0635,0.34,0.234,1,PTBP1/CCAR2___CCNT1.zip
PTBP1,CDC37,FAM50A,0.3003,0.0832,0.33,0.226,1,PTBP1/CDC37___FAM50A.zip
POU2F1,EMC7,STIP1,0.3002,0.0641,0.39,0.248,1,POU2F1/EMC7___STIP1.zip
PTBP1,PRMT1,KHSRP,0.2965,0.0593,0.61,0.308,1,PTBP1/PRMT1___KHSRP.zip
PTBP1,CIZ1,DDX17,0.2961,0.0681,0.44,0.286,1,PTBP1/CIZ1___DDX17.zip
PTBP1,CCNT1,DAZAP1,0.2955,0.127,0.28,0.248,1,PTBP1/CCNT1___DAZAP1.zip
PTBP1,NASP,RB1,0.2943,0.1245,0.36,0.286,1,PTBP1/NASP___RB1.zip
PTBP1,MATR3,SFPQ,0.2936,0.0723,0.32,0.248,1,PTBP1/MATR3___SFPQ.zip
POU2F1,NOP2,FUS,0.2929,0.0586,0.4,0.246,1,POU2F1/NOP2___FUS.zip
POU2F1,CDK12,POU2F1,0.2926,0.2399,0.26,0.288,1,POU2F1/CDK12___POU2F1.zip
PTBP1,TLE3,FUS,0.2921,0.1752,0.41,0.328,1,PTBP1/TLE3___FUS.zip
POU2F1,NBN,CDC37,0.292,0.1709,0.38,0.338,1,POU2F1/NBN___CDC37.zip
POU2F1,OLA1,BOP1,0.291,0.1156,0.62,0.426,1,POU2F1/OLA1___BOP1.zip
POU2F1,OLA1,NBN,0.2907,0.2085,0.65,0.578,1,POU2F1/OLA1___NBN.zip
PTBP1,ZNF503,RBM33,0.2896,0.1913,0.21,0.212,1,PTBP1/ZNF503___RBM33.zip
PTBP1,KHSRP,CCNT1,0.2895,0.0579,0.34,0.238,1,PTBP1/KHSRP___CCNT1.zip
PTBP1,CCAR2,RB1,0.2877,0.2718,0.45,0.466,1,PTBP1/CCAR2___RB1.zip
PTBP1,PPP1R10,PTBP1,0.2871,0.1746,0.28,0.25,1,PTBP1/PPP1R10___PTBP1.zip
PTBP1,NASP,U2SURP,0.2869,0.0958,0.28,0.238,1,PTBP1/NASP___U2SURP.zip
PTBP1,ZFR,NCL,0.2869,0.13,0.33,0.266,1,PTBP1/ZFR___NCL.zip
POU2F1,CDC37,EMC7,0.2865,0.0573,0.27,0.142,1,POU2F1/CDC37___EMC7.zip
PTBP1,NASP,DNAJA1,0.2862,0.1281,0.48,0.296,1,PTBP1/NASP___DNAJA1.zip
PTBP1,ANP32A,DNAJA1,0.2855,0.0571,0.34,0.166,1,PTBP1/ANP32A___DNAJA1.zip
PTBP1,SF1,U2SURP,0.2847,0.1876,0.28,0.248,1,PTBP1/SF1___U2SURP.zip
PTBP1,FAM50A,CDC5L,0.2834,0.1376,0.35,0.238,1,PTBP1/FAM50A___CDC5L.zip
PTBP1,SUGP2,SET,0.2832,0.1145,0.53,0.368,1,PTBP1/SUGP2___SET.zip
PTBP1,CIZ1,ANP32A,0.2832,0.0797,0.46,0.356,1,PTBP1/CIZ1___ANP32A.zip
PTBP1,FUBP1,U2SURP,0.2825,0.0849,0.29,0.244,1,PTBP1/FUBP1___U2SURP.zip
PTBP1,PDK1,SRSF11,0.2822,0.2526,0.47,0.47,1,PTBP1/PDK1___SRSF11.zip
PTBP1,STIP1,PPP1R10,0.2819,0.1458,0.35,0.282,1,PTBP1/STIP1___PPP1R10.zip
POU2F1,DLAT,KPNA4,0.2818,0.2087,0.54,0.488,1,POU2F1/DLAT___KPNA4.zip
PSMA2,ASPH,ATXN2L,0.2814,0.2112,0.46,0.408,1,PSMA2/ASPH___ATXN2L.zip
PTBP1,NASP,AGAP3,0.2809,0.1111,0.33,0.254,1,PTBP1/NASP___AGAP3.zip
PTBP1,MATR3,PPP1R10,0.2808,0.1616,0.25,0.232,1,PTBP1/MATR3___PPP1R10.zip
PTBP1,SMAP,SUPT5H,0.2808,0.0737,0.31,0.232,1,PTBP1/SMAP___SUPT5H.zip
PTBP1,CHERP,PCCA,0.2803,0.164,0.47,0.364,1,PTBP1/CHERP___PCCA.zip
POU2F1,EPB41,NOP2,0.2791,0.0686,0.38,0.254,1,POU2F1/EPB41___NOP2.zip
PTBP1,AGAP3,PTBP1,0.279,0.0558,0.29,0.204,1,PTBP1/AGAP3___PTBP1.zip
PTBP1,SUGP2,ZNF503,0.2788,0.0558,0.26,0.204,1,PTBP1/SUGP2___ZNF503.zip
PTBP1,SF1,FUBP3,0.2785,0.1752,0.27,0.234,1,PTBP1/SF1___FUBP3.zip
PTBP1,CDK4,TXN,0.2781,0.0917,0.62,0.316,1,PTBP1/CDK4___TXN.zip
PTBP1,EPB41,RB1,0.278,0.0556,0.44,0.28,1,PTBP1/EPB41___RB1.zip
PTBP1,SF3B2,EPB41,0.2774,0.1653,0.37,0.31,1,PTBP1/SF3B2___EPB41.zip
PTBP1,CIZ1,EPB41,0.2774,0.101,0.37,0.292,1,PTBP1/CIZ1___EPB41.zip
PTBP1,EPB41,NCL,0.2774,0.0555,0.36,0.22,1,PTBP1/EPB41___NCL.zip
PTBP1,TLE3,DAZAP1,0.276,0.1714,0.24,0.228,1,PTBP1/TLE3___DAZAP1.zip
PTBP1,SNRPC,CHERP,0.275,0.0859,0.33,0.238,1,PTBP1/SNRPC___CHERP.zip
PTBP1,SMAP,SET,0.2741,0.1546,0.38,0.23,1,PTBP1/SMAP___SET.zip
PTBP1,CSTB,TXN,0.2732,0.1918,0.48,0.316,1,PTBP1/CSTB___TXN.zip
POU2F1,PYGB,BUB3,0.273,0.0546,0.69,0.39,1,POU2F1/PYGB___BUB3.zip
PTBP1,SRSF11,LUC7L2,0.2726,0.0545,0.43,0.188,1,PTBP1/SRSF11___LUC7L2.zip
POU2F1,KPNA4,FUS,0.2722,0.1107,0.6,0.38,1,POU2F1/KPNA4___FUS.zip
PTBP1,NASP,SAR1A,0.2722,0.2194,0.38,0.398,1,PTBP1/NASP___SAR1A.zip
PSMA2,EDC3,EPB41,0.2714,0.1019,0.34,0.26,1,PSMA2/EDC3___EPB41.zip
PSMA2,EPB41,PPP1R10,0.2713,0.0607,0.36,0.252,1,PSMA2/EPB41___PPP1R10.zip
PTBP1,EPB41,PPP1R10,0.2713,0.0607,0.36,0.252,1,PTBP1/EPB41___PPP1R10.zip
POU2F1,NBN,BUB3,0.2709,0.1013,0.66,0.43,1,POU2F1/NBN___BUB3.zip
PTBP1,NASP,MRPL12,0.269,0.1188,0.26,0.234,1,PTBP1/NASP___MRPL12.zip
POU2F1,ACTN4,FUS,0.2682,0.1497,0.34,0.284,1,POU2F1/ACTN4___FUS.zip
PTBP1,ZNF503,DDX17,0.2678,0.0598,0.38,0.262,1,PTBP1/ZNF503___DDX17.zip
PTBP1,CSTB,RAVER1,0.2669,0.0702,0.71,0.384,1,PTBP1/CSTB___RAVER1.zip
PTBP1,SMAP,GFP,0.2664,0.0683,0.49,0.292,1,PTBP1/SMAP___GFP.zip
PTBP1,PRMT1,AGAP3,0.2657,0.0964,0.58,0.364,1,PTBP1/PRMT1___AGAP3.zip
PTBP1,CHERP,SRSF11,0.2644,0.1537,0.28,0.218,1,PTBP1/CHERP___SRSF11.zip
POU2F1,NBN,GFP,0.263,0.0972,0.3,0.27,1,POU2F1/NBN___GFP.zip
PSMA2,SNRPC,IBA57,0.263,0.0964,0.41,0.222,1,PSMA2/SNRPC___IBA57.zip
PTBP1,CHERP,GFP,0.2628,0.0971,0.3,0.28,1,PTBP1/CHERP___GFP.zip
POU2F1,SUPV3L1,SEC31A,0.2622,0.1951,0.47,0.426,1,POU2F1/SUPV3L1___SEC31A.zip
PTBP1,SUGP2,CDC37,0.2612,0.0926,0.44,0.324,1,PTBP1/SUGP2___CDC37.zip
POU2F1,NOP2,POU2F1,0.2609,0.0624,0.42,0.246,1,POU2F1/NOP2___POU2F1.zip
PSMA2,STIP1,PPP1R10,0.2604,0.1162,0.34,0.254,1,PSMA2/STIP1___PPP1R10.zip
PTBP1,CSTB,SUPT5H,0.2586,0.0958,0.66,0.408,1,PTBP1/CSTB___SUPT5H.zip
PTBP1,SF1,FAM50A,0.2576,0.0515,0.36,0.176,1,PTBP1/SF1___FAM50A.zip
PTBP1,TLE3,CSTB,0.2573,0.152,0.65,0.51,1,PTBP1/TLE3___CSTB.zip
PTBP1,EPB41,SAFB,0.2558,0.1395,0.35,0.27,1,PTBP1/EPB41___SAFB.zip
PTBP1,PCBP2,PTBP1,0.2556,0.0511,0.41,0.208,1,PTBP1/PCBP2___PTBP1.zip
PTBP1,FAM50A,SRSF11,0.2555,0.1775,0.28,0.262,1,PTBP1/FAM50A___SRSF11.zip
POU2F1,GPD2,BUB3,0.2553,0.1136,0.48,0.362,1,POU2F1/GPD2___BUB3.zip
PTBP1,TLE3,U2SURP,0.2553,0.0997,0.24,0.236,1,PTBP1/TLE3___U2SURP.zip
PTBP1,CSTB,PRDX1,0.2546,0.0509,0.5,0.22,1,PTBP1/CSTB___PRDX1.zip
PTBP1,ZFR,DDX17,0.254,0.1001,0.28,0.24,1,PTBP1/ZFR___DDX17.zip
PTBP1,SF1,PPP1R10,0.2537,0.1191,0.22,0.214,1,PTBP1/SF1___PPP1R10.zip
POU2F1,WASHC5,SAMM50,0.2526,0.1406,0.47,0.412,1,POU2F1/WASHC5___SAMM50.zip
PTBP1,RPS12,ZBTB33,0.2524,0.0505,0.65,0.326,1,PTBP1/RPS12___ZBTB33.zip
PTBP1,EPB41,RPS12,0.2523,0.1621,0.62,0.578,1,PTBP1/EPB41___RPS12.zip
PTBP1,SF1,STIP1,0.2521,0.1273,0.27,0.258,1,PTBP1/SF1___STIP1.zip
PTBP1,SF1,DHX15,0.2521,0.0751,0.52,0.342,1,PTBP1/SF1___DHX15.zip
PTBP1,RB1,FAM50A,0.2517,0.0898,0.41,0.26,1,PTBP1/RB1___FAM50A.zip
PSMA2,PPIB,XRN2,0.2514,0.0614,0.62,0.318,1,PSMA2/PPIB___XRN2.zip
PSMA2,PSMA4,PPP1R10,0.2511,0.0924,0.68,0.454,1,PSMA2/PSMA4___PPP1R10.zip
PTBP1,TLE3,ZNF503,0.251,0.1455,0.34,0.266,1,PTBP1/TLE3___ZNF503.zip
PTBP1,FUS,CHERP,0.2509,0.0947,0.25,0.196,1,PTBP1/FUS___CHERP.zip
PTBP1,FUS,PPP1R10,0.2502,0.05,0.26,0.188,1,PTBP1/FUS___PPP1R10.zip
PTBP1,PTBP3,CDC37,0.2495,0.1538,0.33,0.274,1,PTBP1/PTBP3___CDC37.zip
POU2F1,NCKAP1,FUS,0.2492,0.0637,0.56,0.33,1,POU2F1/NCKAP1___FUS.zip
PTBP1,SAFB,RB1,0.2492,0.1447,0.4,0.326,1,PTBP1/SAFB___RB1.zip
PTBP1,SNRPC,U2SURP,0.249,0.0498,0.33,0.212,1,PTBP1/SNRPC___U2SURP.zip
PSMA2,GNAI3,NBN,0.2489,0.0813,0.61,0.404,1,PSMA2/GNAI3___NBN.zip
PTBP1,RB1,SF3A3,0.2488,0.1025,0.44,0.332,1,PTBP1/RB1___SF3A3.zip
POU2F1,SAMM50,POU2F1,0.2485,0.0497,0.46,0.25,1,POU2F1/SAMM50___POU2F1.zip
PSMA2,GNAI3,EPB41,0.2485,0.0497,0.64,0.334,1,PSMA2/GNAI3___EPB41.zip
POU2F1,ACTN4,NCKAP1,0.2479,0.0521,0.6,0.324,1,POU2F1/ACTN4___NCKAP1.zip
PTBP1,NASP,XRN2,0.2478,0.0603,0.33,0.27,1,PTBP1/NASP___XRN2.zip
PTBP1,SF3B2,RPS12,0.2478,0.0496,0.59,0.26,1,PTBP1/SF3B2___RPS12.zip
PTBP1,CDK4,ZNF503,0.2476,0.0755,0.52,0.35,1,PTBP1/CDK4___ZNF503.zip
PTBP1,CCNT1,CHERP,0.2476,0.1528,0.36,0.324,1,PTBP1/CCNT1___CHERP.zip
PTBP1,SUGP2,FUS,0.247,0.0544,0.29,0.212,1,PTBP1/SUGP2___FUS.zip
PTBP1,SUGP2,FUBP3,0.2461,0.0492,0.28,0.208,1,PTBP1/SUGP2___FUBP3.zip
PSMA2,SAFB,ASPH,0.2458,0.1077,0.37,0.27,1,PSMA2/SAFB___ASPH.zip
PTBP1,U2SURP,GFP,0.2457,0.0491,0.66,0.292,1,PTBP1/U2SURP___GFP.zip
PTBP1,CDC37,PPP1R10,0.2456,0.0638,0.39,0.276,1,PTBP1/CDC37___PPP1R10.zip
PTBP1,ZNF503,U2SURP,0.2447,0.0952,0.26,0.244,1,PTBP1/ZNF503___U2SURP.zip
PTBP1,SMAP,CCNT1,0.2443,0.1624,0.34,0.31,1,PTBP1/SMAP___CCNT1.zip
PTBP1,MRPL12,RB1,0.2437,0.192,0.39,0.378,1,PTBP1/MRPL12___RB1.zip
POU2F1,EPB41,STIP1,0.2434,0.0501,0.33,0.28,1,POU2F1/EPB41___STIP1.zip
PSMA2,EPB41,STIP1,0.2434,0.0501,0.33,0.28,1,PSMA2/EPB41___STIP1.zip
PTBP1,MATR3,PSPC1,0.2432,0.1237,0.35,0.306,1,PTBP1/MATR3___PSPC1.zip
PTBP1,STIP1,RBM33,0.2422,0.0608,0.32,0.258,1,PTBP1/STIP1___RBM33.zip
PTBP1,NASP,CHERP,0.2416,0.1859,0.33,0.294,1,PTBP1/NASP___CHERP.zip
PTBP1,SET,TLE3,0.2412,0.1017,0.27,0.212,1,PTBP1/SET___TLE3.zip
PTBP1,CSTB,RPS12,0.2405,0.0723,0.43,0.242,1,PTBP1/CSTB___RPS12.zip
PTBP1,RAVER1,U2SURP,0.2402,0.0855,0.22,0.204,1,PTBP1/RAVER1___U2SURP.zip
PTBP1,SUGP2,TLE3,0.2397,0.1089,0.39,0.308,1,PTBP1/SUGP2___TLE3.zip
POU2F1,CDK12,PRPF19,0.2395,0.1563,0.51,0.448,1,POU2F1/CDK12___PRPF19.zip
POU2F1,EPB41,BOP1,0.2393,0.1363,0.32,0.288,1,POU2F1/EPB41___BOP1.zip
PTBP1,RAVER1,STIP1,0.2389,0.0859,0.39,0.274,1,PTBP1/RAVER1___STIP1.zip
POU2F1,WASHC5,SEC31A,0.2384,0.1009,0.54,0.408,1,POU2F1/WASHC5___SEC31A.zip
POU2F1,RAD50,NOP2,0.2383,0.0477,0.42,0.282,1,POU2F1/RAD50___NOP2.zip
PTBP1,CHERP,CDC5L,0.2377,0.0816,0.24,0.208,1,PTBP1/CHERP___CDC5L.zip
POU2F1,PSPC1,NCKAP1,0.2375,0.112,0.5,0.348,1,POU2F1/PSPC1___NCKAP1.zip
PSMA2,SAFB,ACTR2,0.2374,0.0759,0.58,0.376,1,PSMA2/SAFB___ACTR2.zip
PTBP1,EPB41,RBM4,0.2372,0.0474,0.31,0.212,1,PTBP1/EPB41___RBM4.zip
POU2F1,KPNA4,MYH9,0.2365,0.0473,0.55,0.298,1,POU2F1/KPNA4___MYH9.zip
PTBP1,SF3B2,CDC37,0.2365,0.0826,0.28,0.224,1,PTBP1/SF3B2___CDC37.zip
PTBP1,TLE3,CDC37,0.2356,0.1216,0.34,0.254,1,PTBP1/TLE3___CDC37.zip
PTBP1,NCL,PDK1,0.2342,0.0671,0.62,0.376,1,PTBP1/NCL___PDK1.zip
PTBP1,CIZ1,CDC5L,0.2341,0.0468,0.24,0.186,1,PTBP1/CIZ1___CDC5L.zip
PSMA2,NBN,ASPH,0.2339,0.0702,0.34,0.256,1,PSMA2/NBN___ASPH.zip
POU2F1,SAMM50,FUS,0.233,0.1344,0.37,0.28,1,POU2F1/SAMM50___FUS.zip
PTBP1,EPB41,STIP1,0.2326,0.0465,0.34,0.268,1,PTBP1/EPB41___STIP1.zip
POU2F1,IBA57,POU2F1,0.2323,0.11,0.54,0.392,1,POU2F1/IBA57___POU2F1.zip
POU2F1,CDC37,BUB3,0.2312,0.0772,0.5,0.354,1,POU2F1/CDC37___BUB3.zip
PTBP1,RPS12,SF3A3,0.2306,0.0461,0.59,0.208,1,PTBP1/RPS12___SF3A3.zip
PTBP1,U2SURP,SRSF11,0.2305,0.0839,0.24,0.21,1,PTBP1/U2SURP___SRSF11.zip
PTBP1,DDX17,SRSF11,0.2297,0.0805,0.41,0.278,1,PTBP1/DDX17___SRSF11.zip
PTBP1,CDC37,PRDX1,0.2292,0.0458,0.63,0.306,1,PTBP1/CDC37___PRDX1.zip
PSMA2,SAFB,XRN2,0.2288,0.0987,0.44,0.35,1,PSMA2/SAFB___XRN2.zip
PTBP1,FUBP1,ZBTB33,0.2288,0.0458,0.35,0.198,1,PTBP1/FUBP1___ZBTB33.zip
PTBP1,TLE3,PDK1,0.2281,0.1387,0.61,0.416,1,PTBP1/TLE3___PDK1.zip
PTBP1,SAFB,DNAJA1,0.2279,0.0764,0.4,0.264,1,PTBP1/SAFB___DNAJA1.zip
PTBP1,RBM4,CCNT1,0.2275,0.0746,0.32,0.232,1,PTBP1/RBM4___CCNT1.zip
PTBP1,NONO,SMAP,0.2272,0.0509,0.37,0.2,1,PTBP1/NONO___SMAP.zip
PTBP1,SRSF11,DHX15,0.226,0.0717,0.48,0.334,1,PTBP1/SRSF11___DHX15.zip
POU2F1,NOP2,SEC31A,0.2259,0.0551,0.44,0.288,1,POU2F1/NOP2___SEC31A.zip
POU2F1,NBN,CDK12,0.2256,0.168,0.34,0.344,1,POU2F1/NBN___CDK12.zip
PSMA2,NBN,ACTR2,0.2256,0.0451,0.66,0.312,1,PSMA2/NBN___ACTR2.zip
PTBP1,TLE3,ANP32A,0.2255,0.1764,0.29,0.236,1,PTBP1/TLE3___ANP32A.zip
POU2F1,EPB41,NBN,0.2253,0.0451,0.23,0.222,1,POU2F1/EPB41___NBN.zip
POU2F1,SUPV3L1,KPNA4,0.2253,0.0888,0.55,0.348,1,POU2F1/SUPV3L1___KPNA4.zip
PSMA2,NBN,PPIB,0.2246,0.1191,0.49,0.4,1,PSMA2/NBN___PPIB.zip
PTBP1,PDK1,SLC3A2,0.224,0.0878,0.55,0.328,1,PTBP1/PDK1___SLC3A2.zip
PSMA2,CIP2A,ASPH,0.2238,0.0682,0.38,0.282,1,PSMA2/CIP2A___ASPH.zip
PTBP1,RBM4,SF3A3,0.2235,0.0694,0.33,0.24,1,PTBP1/RBM4___SF3A3.zip
PTBP1,SAR1A,ZNF503,0.2231,0.0859,0.49,0.354,1,PTBP1/SAR1A___ZNF503.zip
POU2F1,MRPL12,POU2F1,0.2224,0.0793,0.37,0.252,0,
PTBP1,SF3B2,CHERP,0.2224,0.0537,0.21,0.196,0,
PTBP1,NASP,SF1,0.2224,0.0788,0.33,0.224,0,
PTBP1,SF3B2,ANP32A,0.221,0.0545,0.48,0.3,0,
POU2F1,OLA1,SUPV3L1,0.2204,0.0441,0.69,0.284,0,
PTBP1,CDK4,TLE3,0.2203,0.0441,0.57,0.33,0,
POU2F1,STIP1,BUB3,0.2196,0.1224,0.56,0.446,0,
PTBP1,SFPQ,ZFR,0.2192,0.0836,0.32,0.232,0,
PTBP1,CHERP,DNAJA1,0.219,0.0811,0.23,0.194,0,
PTBP1,MATR3,NONO,0.2183,0.0582,0.35,0.242,0,
PTBP1,DHX15,CDC5L,0.2175,0.0535,0.48,0.314,0,
PSMA2,ATXN2L,GFP,0.2159,0.0432,0.65,0.28,0,
PTBP1,ATXN2L,GFP,0.2159,0.0432,0.65,0.28,0,
PTBP1,TLE3,ZBTB33,0.2159,0.0432,0.37,0.226,0,
PTBP1,ZNF503,AGAP3,0.2155,0.0508,0.29,0.228,0,
PTBP1,FAM50A,DHX15,0.2137,0.1632,0.43,0.436,0,
PSMA2,MRPL12,EDC3,0.2133,0.0427,0.35,0.164,0,
PTBP1,KHSRP,U2SURP,0.2125,0.0496,0.29,0.246,0,
PTBP1,SFPQ,PDK1,0.2097,0.1091,0.57,0.474,0,
PTBP1,SET,KHSRP,0.2077,0.0533,0.51,0.258,0,
POU2F1,OLA1,NOP2,0.2076,0.1533,0.47,0.444,0,
PTBP1,SAFB,CDC5L,0.2067,0.0413,0.26,0.196,0,
PTBP1,CCNT1,U2SURP,0.2061,0.0766,0.3,0.24,0,
PSMA2,TXLNA,SAFB,0.2058,0.0412,0.27,0.196,0,
PTBP1,RPS12,FUBP3,0.2049,0.0429,0.61,0.356,0,
PTBP1,PTBP3,RBM4,0.2041,0.0428,0.22,0.162,0,
PTBP1,EPB41,RAVER1,0.2036,0.0407,0.33,0.208,0,
POU2F1,SEPTIN2,RAD50,0.2035,0.0482,0.56,0.332,0,
PTBP1,NASP,PCBP2,0.2032,0.1751,0.27,0.258,0,
PTBP1,SUGP2,CCNT1,0.203,0.0551,0.33,0.27,0,
PTBP1,NASP,HMGB1,0.2029,0.0653,0.35,0.258,0,
POU2F1,IBA57,BOP1,0.2026,0.0405,0.51,0.286,0,
PSMA2,PPP1R10,PSMA2,0.2024,0.0585,0.67,0.402,0,
PTBP1,SMAP,EDC3,0.2021,0.1021,0.28,0.218,0,
PTBP1,PRMT1,ZFR,0.2017,0.0591,0.28,0.248,0,
PTBP1,SUGP2,RPS12,0.2016,0.0536,0.66,0.458,0,
PTBP1,TXN,CDC5L,0.1995,0.0591,0.61,0.322,0,
PTBP1,SFPQ,SRSF11,0.1984,0.0916,0.24,0.212,0,
PTBP1,SAFB,PSPC1,0.1982,0.0766,0.32,0.262,0,
PTBP1,ATP5PD,ATXN2L,0.1978,0.0744,0.36,0.294,0,
PTBP1,PCCA,CDC5L,0.1977,0.0611,0.38,0.264,0,
PSMA2,NBN,NUP107,0.1969,0.1664,0.36,0.328,0,
PTBP1,CIZ1,CHERP,0.1964,0.053,0.21,0.196,0,
PTBP1,SET,HMGB1,0.1963,0.0393,0.39,0.208,0,
PSMA2,EDC3,ATXN2L,0.1962,0.0788,0.35,0.266,0,
PTBP1,MATR3,NASP,0.1955,0.0391,0.32,0.232,0,
POU2F1,NOP2,CDK12,0.1949,0.039,0.41,0.286,0,
PTBP1,AGAP3,DHX15,0.1949,0.0438,0.49,0.31,0,
PTBP1,NASP,FAM50A,0.1949,0.0768,0.44,0.274,0,
PTBP1,CCAR2,EPB41,0.1939,0.057,0.31,0.264,0,
POU2F1,WASHC5,NOP2,0.1934,0.0418,0.46,0.298,0,
PTBP1,PPP1R10,AGAP3,0.1932,0.0386,0.25,0.218,0,
PSMA2,GNAS,NBN,0.1929,0.1056,0.3,0.278,0,
POU2F1,ABHD10,SAMM50,0.1927,0.0922,0.39,0.258,0,
PTBP1,ATP5PD,ZBTB33,0.1927,0.0385,0.33,0.174,0,
PTBP1,SAR1A,RBM33,0.1926,0.0385,0.66,0.402,0,
PTBP1,TLE3,SF1,0.1923,0.1237,0.21,0.216,0,
PTBP1,TLE3,LUC7L2,0.1921,0.1202,0.3,0.264,0,
POU2F1,BOP1,PRPF19,0.192,0.0899,0.23,0.232,0,
PTBP1,NONO,CIZ1,0.1919,0.0614,0.43,0.298,0,
PTBP1,SF3B2,FAM50A,0.1915,0.0383,0.28,0.17,0,
POU2F1,PSPC1,NBN,0.1911,0.0382,0.33,0.192,0,
PTBP1,NASP,DDX17,0.1903,0.0804,0.27,0.274,0,
PTBP1,SAFB,CHERP,0.1902,0.1249,0.23,0.22,0,
PTBP1,NONO,SRSF11,0.1898,0.0986,0.34,0.23,0,
PTBP1,SET,FUBP3,0.1895,0.0379,0.46,0.214,0,
PSMA2,EDC3,PDXDC1,0.1893,0.0379,0.4,0.244,0,
PTBP1,NASP,ATXN2L,0.189,0.085,0.29,0.266,0,
PTBP1,SMAP,DNAJA1,0.1883,0.1004,0.25,0.232,0,
PTBP1,CCNT1,RB1,0.1881,0.0459,0.29,0.234,0,
PSMA2,EDC3,PPP1R10,0.1877,0.0655,0.26,0.244,0,
POU2F1,OLA1,KPNA4,0.1867,0.0857,0.43,0.342,0,
POU2F1,ACTN4,CDK12,0.1864,0.0386,0.29,0.274,0,
PTBP1,ATXN2L,CDC37,0.1861,0.0596,0.32,0.274,0,
POU2F1,BOP1,NBN,0.1859,0.0408,0.29,0.238,0,
PTBP1,STIP1,CHERP,0.1857,0.0371,0.33,0.202,0,
PTBP1,EPB41,SF3A3,0.1853,0.081,0.34,0.258,0,
PTBP1,ZNF503,CHERP,0.1852,0.1308,0.22,0.212,0,
POU2F1,STIP1,CDK12,0.184,0.0677,0.36,0.3,0,
POU2F1,SUPV3L1,FUS,0.1834,0.0559,0.32,0.248,0,
POU2F1,KPNA4,PRPF19,0.1832,0.0769,0.41,0.292,0,
PSMA2,SAFB,IBA57,0.1824,0.1288,0.4,0.314,0,
PTBP1,FUBP1,SF3B2,0.1821,0.0364,0.25,0.19,0,
POU2F1,BOP1,COX5B,0.1817,0.0363,0.39,0.198,0,
POU2F1,GPD2,KPNA4,0.1816,0.0363,0.47,0.252,0,
PTBP1,EPB41,EDC3,0.1815,0.0613,0.43,0.268,0,
PTBP1,XRN2,DAZAP1,0.1815,0.0701,0.37,0.298,0,
POU2F1,SEPTIN2,SETD1A,0.1814,0.0363,0.55,0.29,0,
PTBP1,RBM4,STIP1,0.1814,0.0363,0.37,0.208,0,
POU2F1,ACTR2,SUPV3L1,0.1809,0.0534,0.65,0.526,0,
POU2F1,PYGB,NOP2,0.1806,0.0441,0.48,0.306,0,
PTBP1,CHERP,AGAP3,0.1806,0.0361,0.34,0.236,0,
POU2F1,CDC37,COX5B,0.1794,0.0359,0.28,0.194,0,
POU2F1,ACTN4,NBN,0.1788,0.082,0.31,0.258,0,
PTBP1,CCNT1,SLC3A2,0.1781,0.0381,0.29,0.226,0,
PTBP1,CIZ1,RAVER1,0.1778,0.036,0.33,0.218,0,
PTBP1,FUBP1,SET,0.1778,0.0356,0.46,0.228,0,
PTBP1,SF1,RB1,0.1774,0.0684,0.47,0.302,0,
PTBP1,MRPL12,TLE3,0.1762,0.0614,0.23,0.222,0,
PTBP1,EPB41,SRSF11,0.1761,0.0352,0.33,0.216,0,
PTBP1,ATXN2L,CDC5L,0.1758,0.0702,0.25,0.214,0,
PTBP1,SET,U2SURP,0.1747,0.0635,0.36,0.274,0,
PTBP1,PCBP2,LUC7L2,0.1743,0.0349,0.41,0.188,0,
PTBP1,SMAP,RPS12,0.1739,0.0554,0.36,0.216,0,
PTBP1,ZFR,DAZAP1,0.1736,0.0347,0.27,0.206,0,
PTBP1,CCAR2,PTBP1,0.1727,0.041,0.25,0.212,0,
POU2F1,WASHC5,POU2F1,0.1724,0.0345,0.48,0.256,0,
PTBP1,RBM4,FAM50A,0.1719,0.0344,0.31,0.17,0,
PTBP1,PRMT1,TLE3,0.1719,0.0521,0.24,0.202,0,
POU2F1,ABHD10,KPNA4,0.1718,0.0418,0.45,0.272,0,
POU2F1,ENO1,POU2F1,0.1713,0.0684,0.62,0.434,0,
PTBP1,NASP,SF3A3,0.1708,0.0342,0.38,0.222,0,
PSMA2,EPB41,SAFB,0.1707,0.0849,0.26,0.244,0,
PTBP1,TLE3,STIP1,0.1707,0.053,0.26,0.238,0,
PSMA2,TXN,PPIB,0.1706,0.0907,0.35,0.296,0,
PTBP1,SNRPC,SF3B2,0.1698,0.034,0.29,0.188,0,
PTBP1,CCAR2,DHX15,0.1697,0.0339,0.5,0.314,0,
POU2F1,SAMM50,SETD1A,0.1686,0.0356,0.25,0.294,0,
PTBP1,KHSRP,CDC37,0.1686,0.0337,0.35,0.246,0,
PTBP1,XRN2,SF3B2,0.1683,0.0435,0.39,0.274,0,
PSMA2,GNAS,PPIB,0.168,0.0606,0.39,0.284,0,
PTBP1,ZBTB33,RBM33,0.1678,0.0937,0.24,0.226,0,
PTBP1,FUBP1,DDX17,0.1673,0.0631,0.33,0.26,0,
PTBP1,PDK1,SF1,0.1668,0.0548,0.57,0.352,0,
PTBP1,SAR1A,TLE3,0.1657,0.0522,0.29,0.288,0,
PTBP1,TLE3,FAM50A,0.1657,0.0331,0.29,0.226,0,
PTBP1,EPB41,SLC3A2,0.1655,0.0804,0.34,0.284,0,
PTBP1,PRMT1,FUS,0.1655,0.0779,0.27,0.262,0,
PTBP1,SNRPC,TLE3,0.1653,0.0723,0.26,0.244,0,
PSMA2,EPB41,ASPH,0.1652,0.0842,0.33,0.286,0,
PTBP1,SMAP,SF3B2,0.1652,0.0475,0.27,0.192,0,
PTBP1,NASP,ZBTB33,0.165,0.055,0.3,0.234,0,
PTBP1,PDK1,SF3A3,0.165,0.1055,0.24,0.218,0,
PTBP1,TLE3,NCL,0.1649,0.1287,0.26,0.25,0,
PTBP1,TLE3,SF3A3,0.1647,0.1089,0.25,0.234,0,
PTBP1,TLE3,CCNT1,0.1635,0.1266,0.33,0.248,0,
POU2F1,CDC37,SEC31A,0.1619,0.0702,0.25,0.222,0,
PTBP1,SFPQ,TXN,0.1618,0.0324,0.72,0.246,0,
PTBP1,ZFR,RBM4,0.1618,0.1079,0.26,0.246,0,
PTBP1,SUGP2,LUC7L2,0.1615,0.0484,0.39,0.258,0,
POU2F1,LSS,POU2F1,0.1614,0.0506,0.43,0.286,0,
PTBP1,CSTB,ZBTB33,0.1607,0.0456,0.62,0.354,0,
PTBP1,KHSRP,PDK1,0.1607,0.042,0.52,0.328,0,
PSMA2,NBN,PDXDC1,0.1606,0.0373,0.29,0.224,0,
POU2F1,NBN,WASHC5,0.1586,0.0317,0.43,0.266,0,
PTBP1,SET,DNAJA1,0.1576,0.0315,0.27,0.164,0,
PTBP1,CHERP,FAM50A,0.1573,0.0569,0.25,0.214,0,
POU2F1,DLAT,OLA1,0.1569,0.0314,0.51,0.222,0,
PTBP1,TLE3,RB1,0.1568,0.0882,0.33,0.266,0,
POU2F1,EPB41,BUB3,0.1567,0.0791,0.65,0.522,0,
PTBP1,FUS,RBM33,0.1567,0.0313,0.26,0.208,0,
PSMA2,EPB41,PSMA2,0.1565,0.1164,0.61,0.524,0,
PTBP1,LUC7L2,CDC5L,0.1559,0.0312,0.33,0.218,0,
PTBP1,ATP5PD,SMAP,0.1558,0.0312,0.19,0.112,0,
POU2F1,EPB41,MTARC1,0.1555,0.0363,0.53,0.276,0,
PTBP1,RBM33,PTBP1,0.1555,0.0311,0.26,0.22,0,
PSMA2,PSMA4,XRN2,0.1553,0.0311,0.61,0.366,0,
PTBP1,EDC3,PPP1R10,0.1553,0.0579,0.28,0.258,0,
PTBP1,ZFR,GFP,0.1547,0.0309,0.67,0.31,0,
PTBP1,FUBP1,CCNT1,0.1543,0.0888,0.28,0.262,0,
PTBP1,EDC3,CHERP,0.1543,0.0419,0.24,0.206,0,
PTBP1,ATXN2L,EDC3,0.1542,0.1153,0.22,0.212,0,
PTBP1,TLE3,SUPT5H,0.1538,0.0548,0.29,0.262,0,
PSMA2,SAFB,PPP1R10,0.1537,0.0394,0.21,0.192,0,
PTBP1,SAFB,PPP1R10,0.1537,0.0394,0.21,0.192,0,
PTBP1,MRPL12,EDC3,0.1535,0.0307,0.3,0.156,0,
POU2F1,HARS2,SEC31A,0.1534,0.0634,0.46,0.358,0,
POU2F1,IBA57,OLA1,0.1531,0.0306,0.45,0.27,0,
POU2F1,EPB41,SAMM50,0.1521,0.0435,0.43,0.316,0,
PSMA2,PPIB,IBA57,0.152,0.0829,0.39,0.33,0,
PTBP1,KHSRP,DDX17,0.1505,0.1066,0.32,0.334,0,
PTBP1,MATR3,AGAP3,0.1504,0.0301,0.29,0.216,0,
PTBP1,CCAR2,EDC3,0.1503,0.0368,0.23,0.194,0,
PTBP1,RAVER1,FUBP3,0.15,0.0425,0.34,0.266,0,
PTBP1,FAM50A,GFP,0.1491,0.0298,0.52,0.236,0,
PTBP1,SAFB,DDX17,0.1489,0.0637,0.35,0.292,0,
PTBP1,SUPT5H,RBM4,0.1484,0.0297,0.29,0.198,0,
PTBP1,ZBTB33,AGAP3,0.1481,0.0357,0.3,0.24,0,
PSMA2,PPIB,GFP,0.1475,0.0295,0.23,0.186,0,
POU2F1,NBN,STIP1,0.1471,0.0358,0.33,0.224,0,
PSMA2,NBN,STIP1,0.1471,0.0358,0.33,0.224,0,
PTBP1,NASP,FUBP1,0.1469,0.0353,0.23,0.222,0,
PTBP1,CIZ1,CCNT1,0.1466,0.054,0.29,0.258,0,
PTBP1,TLE3,DHX15,0.1463,0.1093,0.26,0.328,0,
POU2F1,ACTR2,FUS,0.1462,0.065,0.54,0.462,0,
PTBP1,SET,FAM50A,0.1458,0.0311,0.4,0.252,0,
PTBP1,SMAP,PRMT1,0.1457,0.0652,0.4,0.298,0,
PTBP1,SUGP2,PRMT1,0.1457,0.0291,0.23,0.236,0,
POU2F1,IBA57,CDC37,0.1454,0.0533,0.46,0.308,0,
PTBP1,ZBTB33,SF3A3,0.1447,0.0289,0.42,0.204,0,
POU2F1,MYH9,PRPF19,0.1435,0.0287,0.26,0.24,0,
PTBP1,TXN,RPS12,0.1434,0.1144,0.32,0.276,0,
PTBP1,SF3B2,STIP1,0.1431,0.0286,0.3,0.194,0,
PTBP1,ATXN2L,CCNT1,0.1423,0.0489,0.31,0.252,0,
POU2F1,SEPTIN2,COX5B,0.1421,0.0284,0.33,0.166,0,
POU2F1,CDC37,RUVBL2,0.1415,0.0393,0.22,0.176,0,
PTBP1,PRMT1,CDC37,0.1395,0.0478,0.24,0.19,0,
PTBP1,RPS12,LUC7L2,0.1394,0.0545,0.53,0.378,0,
PTBP1,TLE3,CHERP,0.139,0.055,0.31,0.258,0,
PSMA2,SNRPC,XPNPEP1,0.1385,0.1185,0.27,0.224,0,
PTBP1,NONO,ZNF503,0.1368,0.0443,0.37,0.236,0,
PTBP1,RPS12,SLC3A2,0.1362,0.0399,0.59,0.388,0,
PTBP1,CCNT1,FAM50A,0.1361,0.0336,0.42,0.214,0,
PTBP1,SET,CCNT1,0.136,0.05,0.24,0.234,0,
PTBP1,TLE3,HMGB1,0.1341,0.0471,0.22,0.216,0,
POU2F1,EPB41,CDC37,0.1339,0.079,0.26,0.238,0,
PTBP1,EPB41,CDC37,0.1339,0.079,0.26,0.238,0,
PTBP1,NASP,EPB41,0.1334,0.0592,0.31,0.25,0,
PTBP1,FUBP3,RB1,0.1329,0.0266,0.33,0.214,0,
PTBP1,FUS,PDK1,0.1324,0.0399,0.38,0.326,0,
POU2F1,SUPV3L1,PRPF19,0.132,0.0264,0.46,0.248,0,
PSMA2,NBN,MRPL15,0.1315,0.0785,0.36,0.346,0,
PTBP1,PTBP3,DDX17,0.1312,0.0602,0.24,0.21,0,
PSMA2,PSMA4,PSMA2,0.1311,0.0961,0.51,0.468,0,
PTBP1,DDX17,DAZAP1,0.1311,0.0262,0.22,0.168,0,
PTBP1,SF1,CCNT1,0.131,0.0762,0.3,0.264,0,
PTBP1,ATXN2L,ZNF503,0.1307,0.0308,0.21,0.208,0,
PTBP1,FUBP1,LUC7L2,0.1306,0.028,0.36,0.24,0,
PSMA2,SNRPC,STIP1,0.1304,0.0466,0.21,0.186,0,
PTBP1,SNRPC,STIP1,0.1304,0.0466,0.21,0.186,0,
PTBP1,CCAR2,TLE3,0.13,0.031,0.22,0.224,0,
PSMA2,PSMA4,ATXN2L,0.1296,0.0332,0.45,0.334,0,
PTBP1,MRPL12,RBM33,0.1294,0.0259,0.27,0.208,0,
POU2F1,RAD50,SUPV3L1,0.1291,0.0357,0.39,0.292,0,
PTBP1,SF3A3,DNAJA1,0.1291,0.0422,0.23,0.178,0,
PTBP1,SAR1A,EPB41,0.1279,0.0374,0.48,0.37,0,
POU2F1,ACTR2,SEC31A,0.1276,0.0255,0.46,0.292,0,
PTBP1,PDK1,RBM33,0.1271,0.0254,0.43,0.354,0,
POU2F1,EPB41,PRPF19,0.126,0.0252,0.43,0.244,0,
PTBP1,RB1,SRSF11,0.1259,0.0733,0.28,0.244,0,
PTBP1,SMAP,DDX17,0.1254,0.0481,0.23,0.206,0,
POU2F1,RUVBL2,MYH9,0.125,0.0967,0.37,0.376,0,
POU2F1,SUPV3L1,GFP,0.1247,0.0626,0.26,0.262,0,
PTBP1,SNRPC,RPS12,0.1243,0.0374,0.29,0.2,0,
PSMA2,PPIB,ATXN2L,0.1242,0.0248,0.46,0.218,0,
PTBP1,RAVER1,RB1,0.124,0.028,0.35,0.252,0,
PTBP1,TLE3,ZFR,0.124,0.0562,0.25,0.24,0,
PTBP1,NONO,TLE3,0.1239,0.0448,0.29,0.198,0,
PTBP1,SFPQ,ZNF503,0.1233,0.0319,0.3,0.208,0,
PTBP1,EPB41,ANP32A,0.1232,0.0487,0.26,0.234,0,
PTBP1,CDC37,DAZAP1,0.123,0.0246,0.23,0.142,0,
PTBP1,SAR1A,TXN,0.1226,0.0355,0.29,0.202,0,
PTBP1,SF1,SAFB,0.1224,0.0245,0.25,0.198,0,
PTBP1,RPS12,ANP32A,0.1224,0.0483,0.38,0.292,0,
PSMA2,GNAI3,SAFB,0.1223,0.0291,0.39,0.286,0,
PTBP1,XRN2,DDX17,0.1218,0.0381,0.47,0.352,0,
PTBP1,CCNT1,CDC5L,0.1215,0.0243,0.29,0.206,0,
POU2F1,KPNA4,BUB3,0.1213,0.0243,0.59,0.268,0,
PSMA2,ASPH,MRPL15,0.1208,0.0646,0.44,0.302,0,
PTBP1,RBM33,DNAJA1,0.1196,0.0645,0.36,0.282,0,
POU2F1,OLA1,GFP,0.1194,0.0239,0.43,0.208,0,
POU2F1,MRPL12,SEC31A,0.1188,0.0238,0.27,0.202,0,
PTBP1,SMAP,PTBP1,0.1188,0.0238,0.2,0.17,0,
POU2F1,GPD2,ACTN4,0.1186,0.0237,0.2,0.188,0,
PTBP1,TXN,PDK1,0.1184,0.0237,0.52,0.24,0,
PTBP1,MATR3,U2SURP,0.1181,0.0236,0.23,0.194,0,
POU2F1,SETD1A,PRPF19,0.1175,0.0334,0.4,0.312,0,
PTBP1,HMGB1,CDC5L,0.1173,0.0235,0.33,0.188,0,
PTBP1,XRN2,HMGB1,0.1169,0.0413,0.23,0.206,0,
PTBP1,NASP,CCAR2,0.1166,0.0454,0.24,0.228,0,
POU2F1,DLAT,MTARC1,0.1163,0.0233,0.47,0.234,0,
PTBP1,MATR3,SF3B2,0.1161,0.0615,0.19,0.178,0,
POU2F1,PYGB,GPD2,0.116,0.0584,0.32,0.256,0,
PSMA2,EPB41,XRN2,0.1159,0.0232,0.4,0.256,0,
PSMA2,ASPH,GFP,0.1156,0.0589,0.22,0.218,0,
PTBP1,RPS12,U2SURP,0.1155,0.0758,0.57,0.53,0,
PTBP1,SFPQ,CIZ1,0.1153,0.0288,0.35,0.252,0,
PTBP1,CIZ1,RBM4,0.1152,0.0301,0.29,0.234,0,
PTBP1,SLC3A2,DNAJA1,0.115,0.0503,0.33,0.256,0,
POU2F1,CDC37,KPNA4,0.1149,0.0294,0.3,0.218,0,
PTBP1,SMAP,SF3A3,0.1146,0.0401,0.29,0.214,0,
PTBP1,SAFB,DHX15,0.1146,0.0403,0.36,0.31,0,
PTBP1,SET,ZNF503,0.1145,0.0437,0.24,0.226,0,
PTBP1,EDC3,U2SURP,0.1144,0.0291,0.22,0.2,0,
PTBP1,NASP,PTBP1,0.1143,0.0707,0.24,0.234,0,
POU2F1,SAMM50,CDK12,0.1142,0.0372,0.36,0.294,0,
PSMA2,ACTR2,MRPL15,0.1142,0.0228,0.43,0.23,0,
POU2F1,SUPV3L1,NOP2,0.1141,0.0228,0.46,0.234,0,
POU2F1,NCKAP1,STIP1,0.114,0.0228,0.38,0.23,0,
PSMA2,MARS2,EPB41,0.1138,0.0228,0.48,0.244,0,
POU2F1,GPD2,SETD1A,0.1132,0.0464,0.26,0.242,0,
PSMA2,CIP2A,PPIB,0.1131,0.0327,0.58,0.326,0,
PTBP1,SFPQ,PRMT1,0.1131,0.0718,0.31,0.29,0,
PSMA2,EDC3,MRPL15,0.1126,0.0225,0.47,0.216,0,
PTBP1,ZBTB33,HMGB1,0.1125,0.028,0.34,0.232,0,
PSMA2,EPB41,NUP107,0.1122,0.0276,0.37,0.256,0,
PTBP1,MATR3,GFP,0.1119,0.0224,0.64,0.314,0,
PTBP1,PTBP3,ZFR,0.1112,0.0222,0.31,0.234,0,
POU2F1,SUPV3L1,BUB3,0.1111,0.0282,0.47,0.298,0,
PTBP1,SF1,CDC37,0.1108,0.0222,0.28,0.178,0,
POU2F1,DLAT,ACTN4,0.1107,0.0326,0.26,0.2,0,
PTBP1,CCNT1,CDC37,0.1105,0.0443,0.29,0.222,0,
PTBP1,EDC3,ZNF503,0.1104,0.0246,0.18,0.184,0,
PTBP1,SET,ZBTB33,0.1104,0.0285,0.43,0.296,0,
PSMA2,MARS2,ATXN2L,0.1103,0.0221,0.38,0.24,0,
POU2F1,FUS,BUB3,0.1102,0.022,0.32,0.28,0,
POU2F1,HARS2,GPD2,0.11,0.0243,0.29,0.242,0,
PTBP1,ANP32A,SAFB,0.1098,0.035,0.42,0.28,0,
PTBP1,SAR1A,CSTB,0.1093,0.0297,0.23,0.18,0,
PTBP1,RBM4,GFP,0.1085,0.0217,0.54,0.246,0,
POU2F1,RUVBL2,MYH10,0.1083,0.0912,0.35,0.36,0,
PTBP1,PPP1R10,CHERP,0.1083,0.0489,0.22,0.21,0,
PTBP1,FUBP3,AGAP3,0.1083,0.0258,0.27,0.214,0,
PTBP1,SMAP,PDK1,0.1078,0.0796,0.22,0.224,0,
PTBP1,SUPT5H,CDC37,0.1074,0.0215,0.33,0.218,0,
POU2F1,SEPTIN2,SUPV3L1,0.107,0.0214,0.45,0.264,0,
PTBP1,ZFR,SRSF11,0.1067,0.0213,0.26,0.212,0,
PTBP1,SNRPC,ANP32A,0.1066,0.0708,0.17,0.168,0,
PTBP1,MRPL12,FAM50A,0.1064,0.0213,0.16,0.112,0,
PSMA2,TXN,IBA57,0.1063,0.0611,0.32,0.282,0,
PTBP1,NONO,AGAP3,0.1056,0.0394,0.26,0.2,0,
POU2F1,ACTR2,MTARC1,0.1052,0.0345,0.33,0.286,0,
PSMA2,ATXN2L,PSMA2,0.1049,0.0356,0.54,0.37,0,
PSMA2,MRPL12,XPNPEP1,0.1048,0.0341,0.28,0.204,0,
PTBP1,ZBTB33,FAM50A,0.1047,0.0209,0.2,0.166,0,
POU2F1,MRPL12,BUB3,0.1046,0.0363,0.38,0.236,0,
POU2F1,STIP1,GFP,0.1043,0.0209,0.48,0.206,0,
PTBP1,STIP1,GFP,0.1043,0.0209,0.48,0.206,0,
PTBP1,SF3B2,TLE3,0.1037,0.0388,0.24,0.244,0,
PTBP1,SET,FUS,0.1036,0.0207,0.29,0.184,0,
PTBP1,TXN,ANP32A,0.1025,0.0503,0.41,0.34,0,
PTBP1,SET,PDK1,0.1024,0.025,0.48,0.23,0,
PTBP1,SF3A3,LUC7L2,0.102,0.0204,0.3,0.158,0,
PTBP1,TXN,SRSF11,0.102,0.0204,0.38,0.19,0,
POU2F1,SUPV3L1,CDK12,0.1017,0.0203,0.35,0.328,0,
PSMA2,SNRPC,NBN,0.1016,0.0203,0.26,0.18,0,
PSMA2,NBN,EPB41,0.1015,0.0203,0.29,0.23,0,
PTBP1,CIZ1,SF3A3,0.1014,0.0203,0.22,0.2,0,
PTBP1,PPP1R10,FAM50A,0.1013,0.0203,0.37,0.202,0,
PTBP1,ZBTB33,LUC7L2,0.1011,0.0202,0.43,0.292,0,
POU2F1,IBA57,GFP,0.1007,0.0263,0.33,0.238,0,
PSMA2,IBA57,GFP,0.1007,0.0263,0.33,0.238,0,
PTBP1,NASP,KHSRP,0.1006,0.0306,0.27,0.234,0,
PTBP1,PSPC1,SF3A3,0.1,0.02,0.32,0.174,0,
PTBP1,U2SURP,DNAJA1,0.0999,0.02,0.31,0.2,0,
PSMA2,MARS2,XRN2,0.0993,0.0199,0.39,0.22,0,
PTBP1,NASP,RAVER1,0.0992,0.024,0.22,0.204,0,
PSMA2,NBN,GFP,0.0989,0.0247,0.27,0.222,0,
PTBP1,PRMT1,DAZAP1,0.0987,0.0401,0.23,0.208,0,
POU2F1,HARS2,PSPC1,0.0985,0.0197,0.35,0.172,0,
POU2F1,PSPC1,SAMM50,0.0985,0.0686,0.34,0.322,0,
PTBP1,SUPT5H,EDC3,0.0983,0.0197,0.23,0.196,0,
PTBP1,ATP5PD,SET,0.0981,0.0196,0.3,0.168,0,
PTBP1,CDK4,KHSRP,0.0981,0.0196,0.39,0.274,0,
POU2F1,DLAT,ACTR2,0.098,0.0532,0.52,0.396,0,
PTBP1,SMAP,STIP1,0.098,0.0196,0.17,0.16,0,
PSMA2,SAFB,STIP1,0.0978,0.0196,0.3,0.212,0,
PTBP1,CDC37,DNAJA1,0.0976,0.0291,0.19,0.172,0,
PTBP1,SFPQ,ATP5PD,0.0976,0.0195,0.2,0.144,0,
PTBP1,SUPT5H,RPS12,0.0974,0.032,0.63,0.434,0,
POU2F1,BOP1,CDK12,0.0967,0.0257,0.29,0.264,0,
POU2F1,EPB41,SEC31A,0.0966,0.0193,0.26,0.254,0,
PTBP1,ZFR,LUC7L2,0.0961,0.0192,0.44,0.28,0,
POU2F1,BOP1,SETD1A,0.0959,0.0278,0.39,0.314,0,
PTBP1,SUPT5H,SF1,0.0958,0.0192,0.23,0.206,0,
PTBP1,RBM4,U2SURP,0.0955,0.0191,0.23,0.204,0,
POU2F1,HARS2,CDC37,0.0953,0.0455,0.27,0.248,0,
PTBP1,CHERP,SF3A3,0.0952,0.0229,0.24,0.198,0,
PTBP1,NONO,U2SURP,0.0951,0.0254,0.32,0.25,0,
PTBP1,CIZ1,TLE3,0.0949,0.019,0.26,0.236,0,
PTBP1,CDC37,U2SURP,0.0947,0.0189,0.36,0.238,0,
PTBP1,SUPT5H,SF3A3,0.0946,0.03,0.39,0.234,0,
PTBP1,SET,CHERP,0.0942,0.0208,0.24,0.218,0,
PTBP1,FUBP1,CIZ1,0.0942,0.022,0.19,0.186,0,
PSMA2,PDXDC1,EPB41,0.0933,0.0358,0.27,0.212,0,
POU2F1,MRPL12,ACTN4,0.0932,0.0265,0.31,0.204,0,
PTBP1,RBM4,DHX15,0.0928,0.0277,0.4,0.262,0,
PTBP1,SAR1A,SUPT5H,0.0925,0.0185,0.56,0.3,0,
PSMA2,MRPL12,STIP1,0.0919,0.0395,0.23,0.194,0,
PSMA2,SNRPC,ATXN2L,0.0919,0.0184,0.27,0.198,0,
PTBP1,SNRPC,ATXN2L,0.0919,0.0184,0.27,0.198,0,
PSMA2,PDXDC1,ASPH,0.0915,0.0183,0.35,0.214,0,
PTBP1,STIP1,U2SURP,0.0912,0.0296,0.35,0.242,0,
PTBP1,MATR3,KHSRP,0.0911,0.0182,0.2,0.178,0,
PTBP1,EPB41,CHERP,0.0911,0.0182,0.22,0.202,0,
POU2F1,ERLIN2,CDK12,0.0907,0.0181,0.4,0.25,0,
PTBP1,NASP,ATP5PD,0.0905,0.0181,0.3,0.23,0,
PSMA2,NUP107,PPP1R10,0.0904,0.034,0.28,0.262,0,
PTBP1,ZNF503,DHX15,0.0904,0.0638,0.34,0.35,0,
PSMA2,NUP107,MRPL15,0.0902,0.029,0.46,0.272,0,
PTBP1,EPB41,SF1,0.0899,0.035,0.25,0.238,0,
PTBP1,CCAR2,NCL,0.0899,0.018,0.23,0.204,0,
PSMA2,GNAS,EDC3,0.0896,0.0179,0.28,0.224,0,
POU2F1,ACTR2,SETD1A,0.0894,0.0179,0.5,0.334,0,
PTBP1,XRN2,EPB41,0.0894,0.0179,0.32,0.284,0,
PTBP1,MATR3,SMAP,0.0893,0.0271,0.2,0.18,0,
PTBP1,PCBP2,CDC37,0.0893,0.0252,0.23,0.158,0,
POU2F1,HARS2,POU2F1,0.089,0.0178,0.41,0.208,0,
PTBP1,SMAP,FAM50A,0.089,0.0595,0.17,0.168,0,
PSMA2,NUP107,PSMA2,0.0889,0.0178,0.52,0.35,0,
PSMA2,PSMA4,EPB41,0.088,0.0176,0.33,0.264,0,
POU2F1,MRPL12,BOP1,0.0875,0.0244,0.25,0.188,0,
PSMA2,NBN,EDC3,0.0875,0.0175,0.19,0.166,0,
PTBP1,CCAR2,CHERP,0.0874,0.0314,0.21,0.198,0,
PTBP1,EDC3,ZBTB33,0.0867,0.0306,0.31,0.206,0,
PTBP1,CCNT1,PSPC1,0.0861,0.0608,0.23,0.214,0,
PTBP1,U2SURP,SF3A3,0.086,0.032,0.31,0.262,0,
PSMA2,SNRPC,EPB41,0.0857,0.0171,0.26,0.188,0,
PTBP1,SNRPC,EPB41,0.0857,0.0171,0.26,0.188,0,
PTBP1,ATXN2L,DNAJA1,0.0855,0.0338,0.4,0.322,0,
PSMA2,PDXDC1,XRN2,0.085,0.0216,0.43,0.256,0,
PTBP1,SNRPC,CSTB,0.085,0.031,0.21,0.172,0,
PSMA2,ASPH,PPP1R10,0.0845,0.0547,0.26,0.248,0,
PTBP1,XRN2,SRSF11,0.0843,0.0253,0.31,0.256,0,
POU2F1,ERLIN1,CDK12,0.0839,0.0168,0.39,0.266,0,
PTBP1,PDK1,DNAJA1,0.0837,0.0447,0.31,0.28,0,
POU2F1,SEPTIN2,BOP1,0.0833,0.0457,0.29,0.258,0,
PTBP1,MRPL12,SUPT5H,0.0833,0.026,0.32,0.222,0,
PSMA2,GNAI3,IBA57,0.0826,0.0165,0.27,0.232,0,
PTBP1,PTBP3,NASP,0.0822,0.0439,0.25,0.226,0,
PTBP1,ATXN2L,ZBTB33,0.0822,0.0263,0.21,0.19,0,
POU2F1,ABHD10,POU2F1,0.0818,0.0164,0.46,0.298,0,
PTBP1,SF1,CDC5L,0.0815,0.0401,0.22,0.2,0,
POU2F1,DLAT,POU2F1,0.081,0.0329,0.24,0.212,0,
PTBP1,SMAP,CHERP,0.0808,0.0427,0.26,0.226,0,
PTBP1,MRPL12,SMAP,0.0807,0.0439,0.13,0.128,0,
PTBP1,EPB41,DDX17,0.0806,0.0192,0.22,0.238,0,
POU2F1,CDC37,NOP2,0.0805,0.0261,0.27,0.226,0,
PTBP1,CDK4,ZFR,0.0804,0.0161,0.53,0.314,0,
POU2F1,KPNA4,SEC31A,0.08,0.0274,0.33,0.256,0,
PTBP1,ZFR,SLC3A2,0.0795,0.0268,0.23,0.21,0,
PTBP1,CCAR2,DDX17,0.0793,0.0159,0.38,0.228,0,
PTBP1,CCAR2,CDC5L,0.0792,0.0158,0.35,0.218,0,
PTBP1,PDK1,PSPC1,0.0791,0.0158,0.35,0.192,0,
PTBP1,FUBP3,PSPC1,0.079,0.0158,0.3,0.17,0,
POU2F1,DLAT,GFP,0.0788,0.0158,0.38,0.188,0,
PTBP1,SMAP,U2SURP,0.0786,0.0157,0.3,0.248,0,
POU2F1,RAD50,POU2F1,0.0784,0.0157,0.26,0.2,0,
POU2F1,MRPL12,SUPV3L1,0.0783,0.0181,0.28,0.236,0,
PTBP1,MATR3,DAZAP1,0.078,0.0156,0.22,0.216,0,
POU2F1,NBN,NOP2,0.0776,0.0155,0.27,0.238,0,
PTBP1,RBM4,CHERP,0.077,0.0154,0.23,0.204,0,
PTBP1,SAFB,HMGB1,0.0763,0.0214,0.26,0.214,0,
PTBP1,ANP32A,LUC7L2,0.0762,0.0292,0.33,0.216,0,
PTBP1,NASP,SLC3A2,0.0762,0.0152,0.37,0.214,0,
PTBP1,RBM4,CDC37,0.0762,0.0283,0.19,0.176,0,
PTBP1,ZFR,PTBP1,0.0758,0.0152,0.27,0.23,0,
PTBP1,SET,TXN,0.0757,0.0246,0.35,0.258,0,
PTBP1,SF3B2,ZBTB33,0.0754,0.0205,0.21,0.178,0,
PTBP1,TLE3,ATXN2L,0.0754,0.0353,0.23,0.246,0,
PTBP1,SUGP2,ZBTB33,0.0753,0.0151,0.22,0.194,0,
PTBP1,ZFR,CCNT1,0.075,0.0375,0.23,0.262,0,
PTBP1,PSPC1,AGAP3,0.0746,0.0149,0.24,0.19,0,
PTBP1,SMAP,PCBP2,0.0744,0.0247,0.18,0.17,0,
PTBP1,SNRPC,RBM4,0.074,0.0293,0.16,0.142,0,
PTBP1,CDC37,LUC7L2,0.0738,0.0148,0.28,0.162,0,
PTBP1,SMAP,ZBTB33,0.0737,0.0147,0.21,0.174,0,
PTBP1,ANP32A,HMGB1,0.0735,0.0367,0.22,0.196,0,
PTBP1,EPB41,ZNF503,0.0735,0.0147,0.28,0.212,0,
PTBP1,EPB41,KHSRP,0.0732,0.023,0.24,0.222,0,
POU2F1,ACTR2,ERLIN2,0.0723,0.0145,0.4,0.196,0,
PSMA2,SNRPC,CIP2A,0.0713,0.0177,0.23,0.198,0,
POU2F1,ENO1,PRPF19,0.0709,0.0142,0.39,0.23,0,
PTBP1,CIZ1,CDK4,0.0708,0.0312,0.43,0.318,0,
PTBP1,PDK1,SAFB,0.0707,0.0274,0.35,0.322,0,
PTBP1,XRN2,ZNF503,0.0707,0.0433,0.41,0.35,0,
POU2F1,COX5B,SEC31A,0.0704,0.0141,0.46,0.274,0,
POU2F1,ACTR2,NOP2,0.0702,0.014,0.49,0.396,0,
POU2F1,SEC31A,POU2F1,0.0699,0.014,0.27,0.212,0,
PSMA2,MARS2,ACTR2,0.0696,0.0139,0.55,0.354,0,
PTBP1,PDK1,HMGB1,0.0696,0.0139,0.44,0.228,0,
POU2F1,SAMM50,BUB3,0.0694,0.0327,0.34,0.262,0,
PTBP1,TLE3,PSPC1,0.0693,0.0227,0.18,0.208,0,
POU2F1,SAMM50,MYH10,0.0688,0.0138,0.45,0.288,0,
PTBP1,FUBP3,U2SURP,0.0686,0.0187,0.21,0.212,0,
PTBP1,CDC37,RB1,0.0685,0.0288,0.28,0.25,0,
PTBP1,TLE3,DDX17,0.0681,0.0255,0.25,0.214,0,
PTBP1,TXN,ZNF503,0.068,0.0308,0.43,0.304,0,
PTBP1,ZFR,EDC3,0.0676,0.0172,0.23,0.218,0,
POU2F1,IBA57,CDK12,0.0675,0.0135,0.45,0.32,0,
PTBP1,SAR1A,KHSRP,0.0674,0.0135,0.4,0.334,0,
PTBP1,PCBP2,PCCA,0.0669,0.0134,0.37,0.228,0,
PTBP1,XRN2,CSTB,0.0665,0.0377,0.45,0.416,0,
PTBP1,MATR3,SNRPC,0.0664,0.0133,0.21,0.18,0,
POU2F1,DLAT,CDC37,0.0662,0.0132,0.28,0.168,0,
POU2F1,CDC37,PRPF19,0.0651,0.018,0.23,0.186,0,
POU2F1,PYGB,COX5B,0.065,0.013,0.36,0.266,0,
POU2F1,OLA1,FUS,0.0639,0.0128,0.33,0.228,0,
PTBP1,DAZAP1,LUC7L2,0.0637,0.0127,0.34,0.176,0,
PTBP1,SAFB,SRSF11,0.0634,0.0127,0.19,0.166,0,
PTBP1,SNRPC,SET,0.0629,0.0284,0.17,0.154,0,
POU2F1,ACTR2,CDC37,0.0628,0.0126,0.39,0.204,0,
PTBP1,SMAP,NCL,0.0628,0.0164,0.21,0.192,0,
POU2F1,MTARC1,FUS,0.0626,0.0125,0.35,0.29,0,
POU2F1,MTARC1,SETD1A,0.0625,0.0125,0.54,0.332,0,
PSMA2,CIP2A,PDXDC1,0.0625,0.0125,0.29,0.238,0,
PTBP1,MRPL12,PRMT1,0.0625,0.0272,0.28,0.206,0,
POU2F1,CDC37,CDK12,0.0621,0.039,0.27,0.264,0,
PTBP1,NONO,SLC3A2,0.0618,0.0146,0.29,0.192,0,
POU2F1,HARS2,BOP1,0.0614,0.0123,0.38,0.252,0,
PTBP1,MATR3,RB1,0.0613,0.0123,0.35,0.222,0,
PTBP1,PPP1R10,CDC5L,0.0605,0.0121,0.21,0.178,0,
PTBP1,ANP32A,RBM33,0.0604,0.0162,0.37,0.322,0,
PTBP1,SF1,DNAJA1,0.0602,0.012,0.37,0.206,0,
POU2F1,HARS2,ACTR2,0.0599,0.0165,0.23,0.218,0,
PTBP1,CIZ1,DNAJA1,0.0599,0.0224,0.22,0.246,0,
PTBP1,PCBP2,SF3A3,0.0599,0.0144,0.28,0.226,0,
PTBP1,FUBP1,STIP1,0.0598,0.012,0.22,0.17,0,
PTBP1,NASP,RPS12,0.0594,0.0176,0.39,0.32,0,
POU2F1,COX5B,ERLIN2,0.0593,0.0119,0.21,0.124,0,
PTBP1,DDX17,PTBP1,0.059,0.0118,0.24,0.19,0,
POU2F1,SEPTIN2,POU2F1,0.0586,0.0117,0.36,0.254,0,
PTBP1,SNRPC,SMAP,0.0586,0.0184,0.14,0.126,0,
POU2F1,SEPTIN2,PSPC1,0.0579,0.0116,0.21,0.176,0,
PTBP1,PDK1,ZNF503,0.0577,0.0173,0.27,0.33,0,
PTBP1,RPS12,SRSF11,0.0577,0.0115,0.45,0.208,0,
PTBP1,XRN2,SET,0.0577,0.0334,0.25,0.252,0,
PTBP1,SUGP2,PDK1,0.0576,0.0222,0.43,0.358,0,
PSMA2,GNAI3,ATXN2L,0.057,0.0114,0.49,0.3,0,
POU2F1,ACTN4,PRPF19,0.0561,0.0112,0.41,0.254,0,
PSMA2,GNAI3,EDC3,0.0559,0.0112,0.43,0.278,0,
PTBP1,TXN,AGAP3,0.0557,0.0111,0.5,0.274,0,
PTBP1,MRPL12,SET,0.0548,0.0154,0.14,0.134,0,
PTBP1,CIZ1,ZNF503,0.0545,0.0109,0.18,0.188,0,
PSMA2,IBA57,PPP1R10,0.0544,0.0109,0.37,0.214,0,
PTBP1,SUGP2,PTBP1,0.0544,0.0217,0.24,0.238,0,
PTBP1,KHSRP,DNAJA1,0.0542,0.0108,0.26,0.166,0,
PTBP1,FUBP1,HMGB1,0.0541,0.0108,0.3,0.214,0,
PTBP1,MATR3,SF3A3,0.054,0.0108,0.4,0.222,0,
POU2F1,SEC31A,GFP,0.0536,0.0138,0.22,0.218,0,
PTBP1,SAFB,LUC7L2,0.0533,0.0107,0.32,0.218,0,
PTBP1,SET,RBM33,0.0532,0.0106,0.39,0.306,0,
POU2F1,PYGB,GFP,0.053,0.0143,0.26,0.23,0,
PSMA2,GNAS,PDXDC1,0.053,0.0134,0.4,0.256,0,
PTBP1,ATXN2L,PDK1,0.0526,0.0201,0.34,0.302,0,
PTBP1,SET,SF3A3,0.0523,0.0105,0.18,0.158,0,
PTBP1,SUPT5H,PDK1,0.052,0.0196,0.42,0.384,0,
PTBP1,AGAP3,LUC7L2,0.0519,0.0189,0.36,0.244,0,
PTBP1,CDK4,RBM33,0.0517,0.0103,0.42,0.308,0,
PSMA2,PSMA4,IBA57,0.0513,0.0122,0.31,0.236,0,
POU2F1,PYGB,EMC7,0.0512,0.0207,0.3,0.282,0,
PTBP1,SFPQ,TLE3,0.0512,0.0207,0.2,0.196,0,
PTBP1,DDX17,LUC7L2,0.0511,0.0106,0.39,0.242,0,
PTBP1,SET,PPP1R10,0.0511,0.017,0.25,0.22,0,
PTBP1,SAR1A,FUBP1,0.051,0.0102,0.41,0.272,0,
PSMA2,SNRPC,ASPH,0.0509,0.0249,0.31,0.266,0,
POU2F1,ERLIN1,COX5B,0.0508,0.0102,0.23,0.134,0,
PTBP1,XRN2,FUBP3,0.0507,0.0195,0.35,0.28,0,
POU2F1,MRPL12,SAMM50,0.0506,0.0101,0.21,0.162,0,
POU2F1,FUS,CDK12,0.0504,0.0158,0.24,0.22,0,
POU2F1,GPD2,NOP2,0.0499,0.0294,0.21,0.214,0,
PTBP1,SUGP2,SAR1A,0.0499,0.01,0.5,0.354,0,
PTBP1,CHERP,PTBP1,0.0498,0.01,0.23,0.198,0,
PTBP1,PDK1,CHERP,0.0496,0.0119,0.43,0.322,0,
POU2F1,SAMM50,MYH9,0.0495,0.0099,0.48,0.3,0,
PTBP1,TXN,RBM4,0.0495,0.0139,0.32,0.2,0,
PTBP1,FUBP1,DHX15,0.0494,0.0099,0.36,0.276,0,
PTBP1,ZNF503,SRSF11,0.0492,0.0098,0.21,0.176,0,
PTBP1,SF1,SLC3A2,0.0492,0.0098,0.26,0.18,0,
POU2F1,OLA1,PRPF19,0.0489,0.0098,0.2,0.158,0,
PTBP1,TLE3,RAVER1,0.0487,0.0192,0.22,0.208,0,
PTBP1,ZNF503,SF3A3,0.0483,0.0144,0.26,0.198,0,
PTBP1,CIZ1,DHX15,0.0479,0.0161,0.47,0.296,0,
PTBP1,LUC7L2,DHX15,0.0478,0.0096,0.24,0.178,0,
PSMA2,GNAS,IBA57,0.0477,0.0138,0.32,0.274,0,
PTBP1,CIZ1,HMGB1,0.0477,0.014,0.29,0.234,0,
PTBP1,CIZ1,EDC3,0.0477,0.0095,0.2,0.192,0,
PTBP1,TLE3,PTBP1,0.0476,0.0126,0.23,0.204,0,
PTBP1,CIZ1,FUBP3,0.0475,0.0095,0.19,0.188,0,
PTBP1,KHSRP,DHX15,0.0473,0.0095,0.32,0.28,0,
PTBP1,PDK1,FAM50A,0.0472,0.0246,0.38,0.262,0,
PTBP1,SET,DAZAP1,0.0468,0.0146,0.16,0.17,0,
PTBP1,PPP1R10,LUC7L2,0.0463,0.0093,0.27,0.204,0,
PTBP1,ZFR,SF1,0.0461,0.0176,0.22,0.21,0,
POU2F1,DLAT,EMC7,0.046,0.0171,0.28,0.234,0,
PTBP1,CSTB,ANP32A,0.0459,0.0163,0.33,0.252,0,
POU2F1,HARS2,WASHC5,0.0458,0.0092,0.32,0.248,0,
PTBP1,RPS12,PRDX1,0.0456,0.0091,0.29,0.174,0,
PTBP1,FUBP1,EDC3,0.0455,0.0091,0.33,0.2,0,
PTBP1,SLC3A2,DDX17,0.0452,0.009,0.26,0.186,0,
POU2F1,ABHD10,PRPF19,0.0451,0.009,0.36,0.238,0,
POU2F1,ENO1,NBN,0.0449,0.009,0.42,0.268,0,
PTBP1,RBM4,PTBP1,0.0449,0.009,0.17,0.148,0,
PTBP1,EDC3,NCL,0.0447,0.0089,0.19,0.158,0,
PTBP1,DHX15,GFP,0.0446,0.0089,0.32,0.254,0,
PTBP1,PTBP3,SF3B2,0.0446,0.0089,0.23,0.168,0,
PSMA2,PSMA4,ASPH,0.0445,0.024,0.27,0.276,0,
POU2F1,CDC37,STIP1,0.0444,0.0089,0.27,0.164,0,
POU2F1,SEPTIN2,FUS,0.0443,0.0089,0.34,0.266,0,
PTBP1,PRMT1,PPP1R10,0.0443,0.0112,0.39,0.312,0,
POU2F1,IBA57,MTARC1,0.0439,0.0288,0.23,0.234,0,
PTBP1,PDK1,GFP,0.0436,0.0215,0.23,0.2,0,
POU2F1,BOP1,SEC31A,0.0435,0.0127,0.24,0.234,0,
PTBP1,SNRPC,CCNT1,0.0428,0.0086,0.19,0.184,0,
PTBP1,ZNF503,DNAJA1,0.0427,0.017,0.28,0.224,0,
PTBP1,SUPT5H,SRSF11,0.042,0.0084,0.21,0.188,0,
POU2F1,RAD50,FUS,0.0419,0.0084,0.27,0.196,0,
PTBP1,CDC37,CHERP,0.0419,0.0156,0.18,0.2,0,
PTBP1,NONO,PPP1R10,0.0416,0.0083,0.27,0.216,0,
PTBP1,FUS,ATXN2L,0.0413,0.0083,0.19,0.174,0,
PTBP1,SUGP2,SRSF11,0.0412,0.0082,0.21,0.188,0,
POU2F1,ABHD10,CDC37,0.0411,0.0082,0.21,0.18,0,
PTBP1,HMGB1,RBM33,0.041,0.0126,0.27,0.256,0,
PTBP1,NASP,ANP32A,0.041,0.0082,0.37,0.248,0,
PTBP1,TLE3,RBM4,0.0409,0.0099,0.23,0.212,0,
PTBP1,EPB41,PDK1,0.0406,0.0166,0.43,0.31,0,
POU2F1,SEPTIN2,ERLIN1,0.0404,0.0081,0.2,0.136,0,
PTBP1,SF1,SF3A3,0.0401,0.008,0.23,0.156,0,
PTBP1,SF3B2,PTBP1,0.0401,0.008,0.22,0.17,0,
PTBP1,PPP1R10,DHX15,0.0401,0.0109,0.3,0.294,0,
PSMA2,NBN,XPNPEP1,0.04,0.008,0.42,0.306,0,
PTBP1,SRSF11,RBM33,0.0399,0.008,0.24,0.186,0,
PTBP1,NCL,SF3A3,0.0399,0.0137,0.27,0.206,0,
PTBP1,TXN,PRDX1,0.0398,0.008,0.21,0.176,0,
PTBP1,CDC37,RBM33,0.0398,0.008,0.27,0.228,0,
PSMA2,CIP2A,EPB41,0.0397,0.0178,0.31,0.248,0,
PTBP1,LUC7L2,RBM33,0.039,0.0078,0.32,0.21,0,
POU2F1,SEPTIN2,CDK12,0.0386,0.0077,0.43,0.302,0,
PTBP1,ZBTB33,RB1,0.0385,0.0077,0.31,0.264,0,
PSMA2,ACTR2,PPP1R10,0.0384,0.0077,0.36,0.282,0,
POU2F1,MRPL12,STIP1,0.0383,0.0187,0.22,0.194,0,
PTBP1,MRPL12,STIP1,0.0383,0.0187,0.22,0.194,0,
POU2F1,DLAT,SEC31A,0.0382,0.0076,0.31,0.218,0,
PTBP1,MATR3,ZNF503,0.0382,0.0096,0.16,0.17,0,
PTBP1,PTBP3,SMAP,0.038,0.0114,0.17,0.156,0,
PTBP1,CIZ1,SRSF11,0.0378,0.0076,0.24,0.198,0,
PTBP1,SET,RBM4,0.0377,0.014,0.17,0.148,0,
PSMA2,MARS2,PPP1R10,0.0376,0.0075,0.37,0.236,0,
PTBP1,PRMT1,ZNF503,0.0373,0.0233,0.32,0.294,0,
PTBP1,RBM4,SRSF11,0.0371,0.016,0.17,0.158,0,
PTBP1,CCAR2,CDC37,0.0361,0.0072,0.25,0.214,0,
PTBP1,TLE3,EDC3,0.036,0.0188,0.22,0.238,0,
PTBP1,XRN2,RBM4,0.0359,0.0072,0.28,0.224,0,
PTBP1,PCCA,SRSF11,0.0359,0.0091,0.24,0.214,0,
PTBP1,CCNT1,SF3A3,0.0359,0.0126,0.24,0.2,0,
PTBP1,SET,ATXN2L,0.0355,0.0071,0.23,0.18,0,
PTBP1,PCBP2,DDX17,0.0353,0.0172,0.2,0.198,0,
PTBP1,PPP1R10,DDX17,0.0351,0.0099,0.29,0.272,0,
PTBP1,CDC37,DHX15,0.0349,0.007,0.25,0.198,0,
PTBP1,RBM4,ANP32A,0.0346,0.0205,0.27,0.21,0,
POU2F1,KPNA4,COX5B,0.0344,0.0111,0.33,0.294,0,
PTBP1,SNRPC,ZNF503,0.0344,0.0069,0.2,0.176,0,
POU2F1,NBN,RUVBL2,0.034,0.017,0.37,0.306,0,
POU2F1,WASHC5,EMC7,0.034,0.0068,0.27,0.218,0,
PTBP1,SFPQ,PCCA,0.034,0.0068,0.37,0.236,0,
POU2F1,ENO1,GPD2,0.0334,0.0067,0.24,0.172,0,
POU2F1,NOP2,EMC7,0.0332,0.0112,0.3,0.234,0,
POU2F1,EPB41,SUPV3L1,0.0329,0.0066,0.4,0.244,0,
POU2F1,NBN,NCKAP1,0.0328,0.0124,0.31,0.242,0,
PTBP1,MATR3,CHERP,0.0324,0.0121,0.21,0.196,0,
POU2F1,RUVBL2,SEC31A,0.0322,0.0064,0.22,0.208,0,
PTBP1,PDK1,DAZAP1,0.0322,0.0064,0.28,0.212,0,
PTBP1,SET,SF1,0.0322,0.0098,0.2,0.172,0,
PTBP1,CHERP,RB1,0.0322,0.0091,0.21,0.21,0,
PTBP1,PRMT1,RBM33,0.0314,0.0103,0.28,0.288,0,
PTBP1,PCBP2,FUBP3,0.0313,0.0063,0.32,0.188,0,
PTBP1,PRMT1,GFP,0.0313,0.0063,0.29,0.202,0,
POU2F1,MTARC1,GFP,0.0312,0.0062,0.18,0.204,0,
POU2F1,WASHC5,KPNA4,0.0312,0.0062,0.24,0.226,0,
PTBP1,ANP32A,PPP1R10,0.0306,0.0061,0.2,0.224,0,
PTBP1,CDC37,FUBP3,0.0305,0.0069,0.24,0.224,0,
PTBP1,CIZ1,SF1,0.0302,0.006,0.22,0.184,0,
PTBP1,PRDX1,GFP,0.0302,0.006,0.28,0.182,0,
PTBP1,SUGP2,FUBP1,0.0302,0.006,0.22,0.196,0,
PTBP1,SNRPC,PDK1,0.0299,0.006,0.22,0.17,0,
PTBP1,HMGB1,FAM50A,0.0298,0.0102,0.16,0.162,0,
POU2F1,COX5B,GFP,0.0297,0.0092,0.18,0.164,0,
PTBP1,SRSF11,DNAJA1,0.0292,0.0058,0.26,0.186,0,
POU2F1,NBN,COX5B,0.0291,0.0058,0.29,0.242,0,
PTBP1,CSTB,DHX15,0.029,0.0089,0.42,0.296,0,
PTBP1,ATP5PD,PDK1,0.029,0.0058,0.27,0.178,0,
PTBP1,SAR1A,CDC37,0.0286,0.0074,0.14,0.158,0,
PTBP1,XRN2,NCL,0.0282,0.0056,0.24,0.196,0,
PTBP1,SNRPC,AGAP3,0.0281,0.0056,0.23,0.208,0,
PTBP1,CCNT1,PTBP1,0.0279,0.0056,0.2,0.176,0,
PTBP1,RPS12,STIP1,0.0277,0.0055,0.35,0.208,0,
PSMA2,NBN,XRN2,0.0276,0.0055,0.34,0.252,0,
PSMA2,PDXDC1,SAFB,0.0274,0.0055,0.35,0.246,0,
POU2F1,RUVBL2,CDK12,0.0267,0.0053,0.27,0.242,0,
PSMA2,GNAI3,XRN2,0.0267,0.0053,0.34,0.242,0,
PTBP1,CSTB,SRSF11,0.0262,0.0052,0.22,0.198,0,
PTBP1,SUGP2,NONO,0.026,0.0076,0.32,0.228,0,
PTBP1,SF3B2,DDX17,0.0254,0.0051,0.24,0.206,0,
POU2F1,MRPL12,CDK12,0.0251,0.0063,0.29,0.246,0,
PTBP1,PRMT1,ATXN2L,0.0251,0.005,0.38,0.3,0,
PTBP1,SAR1A,ATXN2L,0.0251,0.005,0.41,0.294,0,
PTBP1,DAZAP1,DHX15,0.0248,0.005,0.29,0.194,0,
POU2F1,LSS,EMC7,0.0246,0.0049,0.19,0.176,0,
PSMA2,CIP2A,MRPL12,0.0246,0.0061,0.2,0.182,0,
PTBP1,KHSRP,FUS,0.0244,0.0049,0.21,0.172,0,
POU2F1,CDC37,MTARC1,0.0243,0.0049,0.19,0.148,0,
PTBP1,CDC37,DDX17,0.0243,0.0049,0.24,0.186,0,
POU2F1,PSPC1,SETD1A,0.0241,0.0083,0.2,0.204,0,
PTBP1,ATXN2L,DDX17,0.0241,0.0111,0.3,0.29,0,
PTBP1,KHSRP,LUC7L2,0.0241,0.0048,0.29,0.2,0,
PTBP1,LUC7L2,GFP,0.0239,0.0048,0.16,0.152,0,
PTBP1,SMAP,PSPC1,0.0237,0.0118,0.16,0.176,0,
PTBP1,DHX15,DNAJA1,0.0236,0.007,0.31,0.23,0,
PTBP1,SET,SUPT5H,0.0234,0.0047,0.29,0.24,0,
POU2F1,MRPL12,NBN,0.0233,0.0047,0.23,0.174,0,
PSMA2,MRPL12,NBN,0.0233,0.0047,0.23,0.174,0,
PTBP1,SNRPC,PRMT1,0.0233,0.0069,0.17,0.152,0,
PTBP1,SMAP,CDK4,0.023,0.0113,0.19,0.214,0,
POU2F1,HARS2,BUB3,0.0226,0.0045,0.34,0.24,0,
PTBP1,CIZ1,PCCA,0.0226,0.0045,0.37,0.272,0,
PTBP1,XRN2,PDK1,0.0226,0.0045,0.38,0.28,0,
PTBP1,SET,CDC5L,0.0226,0.0045,0.18,0.18,0,
POU2F1,HARS2,NOP2,0.0225,0.0045,0.37,0.248,0,
PTBP1,SLC3A2,PCCA,0.0222,0.0044,0.35,0.224,0,
PTBP1,ATP5PD,RPS12,0.022,0.0068,0.16,0.15,0,
PSMA2,ACTR2,ATXN2L,0.0216,0.0076,0.39,0.386,0,
PSMA2,CIP2A,PPP1R10,0.0215,0.0043,0.25,0.21,0,
PTBP1,FUBP1,AGAP3,0.0214,0.0057,0.23,0.21,0,
PTBP1,EPB41,HMGB1,0.0212,0.0042,0.23,0.184,0,
PTBP1,MATR3,SRSF11,0.0211,0.0067,0.19,0.184,0,
PTBP1,XRN2,NONO,0.0207,0.0041,0.25,0.188,0,
PTBP1,CIZ1,AGAP3,0.0207,0.0041,0.27,0.222,0,
PTBP1,PCBP2,PDK1,0.0206,0.0041,0.33,0.19,0,
PTBP1,DDX17,PCCA,0.0204,0.0041,0.2,0.2,0,
PTBP1,PRMT1,DNAJA1,0.0202,0.004,0.25,0.152,0,
PSMA2,PSMA4,SAFB,0.02,0.004,0.39,0.214,0,
PTBP1,CDK4,FUS,0.0199,0.004,0.29,0.202,0,
PTBP1,PCBP2,ZFR,0.0199,0.005,0.23,0.222,0,
POU2F1,FUS,SETD1A,0.0198,0.007,0.21,0.212,0,
PTBP1,PDK1,DHX15,0.0196,0.0039,0.23,0.196,0,
PTBP1,SLC3A2,RB1,0.0193,0.0039,0.22,0.206,0,
PTBP1,PDK1,FUBP3,0.0192,0.0058,0.25,0.246,0,
PTBP1,XRN2,TLE3,0.0189,0.0038,0.27,0.238,0,
POU2F1,MTARC1,POU2F1,0.0188,0.0038,0.33,0.238,0,
PTBP1,SF3B2,PDK1,0.0188,0.0038,0.31,0.184,0,
PTBP1,SET,CSTB,0.0188,0.008,0.26,0.228,0,
PTBP1,STIP1,SRSF11,0.0187,0.0037,0.23,0.168,0,
PTBP1,KHSRP,RAVER1,0.0187,0.0037,0.27,0.252,0,
POU2F1,PRPF19,GFP,0.0185,0.0037,0.21,0.188,0,
PSMA2,PDXDC1,PPIB,0.0183,0.0037,0.38,0.206,0,
PTBP1,EDC3,DDX17,0.0179,0.0036,0.23,0.204,0,
PTBP1,NASP,GFP,0.0177,0.0035,0.28,0.214,0,
PSMA2,ASPH,XRN2,0.0176,0.0039,0.27,0.216,0,
PTBP1,SF3B2,DHX15,0.0176,0.0035,0.25,0.218,0,
POU2F1,IBA57,COX5B,0.0175,0.0064,0.21,0.196,0,
PTBP1,SFPQ,SMAP,0.0175,0.0047,0.17,0.164,0,
PTBP1,ZFR,FAM50A,0.0174,0.0055,0.25,0.218,0,
PTBP1,XRN2,AGAP3,0.0174,0.0035,0.4,0.266,0,
POU2F1,ACTN4,NOP2,0.0173,0.0035,0.25,0.214,0,
PTBP1,RBM4,PDK1,0.0173,0.0035,0.28,0.252,0,
PTBP1,MATR3,ANP32A,0.0171,0.0034,0.22,0.198,0,
POU2F1,NBN,ERLIN1,0.017,0.0034,0.26,0.192,0,
POU2F1,PYGB,CDK12,0.0169,0.0034,0.44,0.284,0,
PSMA2,EPB41,PPIB,0.0165,0.0033,0.24,0.212,0,
PTBP1,CDK4,SUPT5H,0.0165,0.0033,0.36,0.33,0,
PTBP1,SAR1A,SMAP,0.0164,0.0033,0.2,0.16,0,
PTBP1,NASP,LUC7L2,0.0164,0.0033,0.18,0.208,0,
POU2F1,STIP1,POU2F1,0.016,0.0032,0.25,0.194,0,
POU2F1,COX5B,SETD1A,0.016,0.0032,0.44,0.292,0,
PTBP1,CIZ1,KHSRP,0.0159,0.0032,0.2,0.188,0,
POU2F1,SEC31A,PRPF19,0.0158,0.0032,0.35,0.258,0,
PTBP1,RBM4,PPP1R10,0.0158,0.0032,0.23,0.192,0,
PTBP1,CHERP,DAZAP1,0.0157,0.0031,0.22,0.204,0,
PTBP1,RAVER1,SF3A3,0.0157,0.0031,0.26,0.184,0,
PTBP1,ATP5PD,DHX15,0.0155,0.0031,0.24,0.172,0,
PTBP1,SFPQ,HMGB1,0.0155,0.0031,0.17,0.136,0,
PTBP1,PDK1,AGAP3,0.0155,0.0031,0.18,0.194,0,
PTBP1,EDC3,RBM33,0.0154,0.0031,0.24,0.216,0,
PSMA2,GNAS,ASPH,0.0152,0.003,0.23,0.216,0,
PTBP1,CDK4,NCL,0.0152,0.003,0.25,0.186,0,
PTBP1,CCNT1,DHX15,0.0152,0.003,0.27,0.272,0,
PTBP1,STIP1,AGAP3,0.0152,0.003,0.2,0.188,0,
PTBP1,FUBP3,DNAJA1,0.0151,0.003,0.22,0.148,0,
POU2F1,SEPTIN2,SAMM50,0.0148,0.003,0.34,0.174,0,
PTBP1,MRPL12,RPS12,0.0148,0.003,0.24,0.13,0,
PTBP1,CIZ1,PDK1,0.0144,0.0045,0.25,0.256,0,
POU2F1,ABHD10,NOP2,0.0143,0.0029,0.21,0.214,0,
PTBP1,PRMT1,SRSF11,0.0143,0.0049,0.25,0.194,0,
PTBP1,CDK4,FUBP3,0.0142,0.0028,0.3,0.208,0,
PTBP1,ANP32A,GFP,0.0142,0.0028,0.25,0.164,0,
POU2F1,ERLIN1,PRPF19,0.0141,0.0028,0.22,0.142,0,
POU2F1,DLAT,GPD2,0.014,0.0028,0.19,0.178,0,
PSMA2,SGPL1,XPNPEP1,0.0135,0.0051,0.21,0.192,0,
PSMA2,ALDH1L2,ASPH,0.0132,0.0026,0.21,0.226,0,
POU2F1,ACTN4,KPNA4,0.0131,0.0026,0.2,0.166,0,
PTBP1,NONO,ANP32A,0.0131,0.0026,0.18,0.148,0,
PTBP1,NASP,DHX15,0.0131,0.0026,0.32,0.248,0,
PTBP1,ATP5PD,TXN,0.0131,0.0026,0.13,0.132,0,
PTBP1,KHSRP,GFP,0.0129,0.0026,0.45,0.27,0,
PTBP1,PTBP3,RBM33,0.0128,0.0026,0.25,0.226,0,
PTBP1,PTBP3,ATXN2L,0.0125,0.0025,0.25,0.226,0,
PTBP1,SMAP,TXN,0.0124,0.0025,0.16,0.128,0,
PTBP1,SMAP,SRSF11,0.0121,0.0024,0.16,0.158,0,
PTBP1,DAZAP1,SRSF11,0.0119,0.0024,0.18,0.148,0,
PTBP1,SMAP,PRDX1,0.0118,0.0024,0.18,0.132,0,
PTBP1,CIZ1,RPS12,0.0117,0.0023,0.28,0.292,0,
PTBP1,CCAR2,DNAJA1,0.0116,0.0023,0.24,0.2,0,
PTBP1,NCL,CCNT1,0.0114,0.0023,0.22,0.182,0,
PTBP1,RBM4,LUC7L2,0.0113,0.0023,0.21,0.176,0,
PTBP1,FUS,DDX17,0.0113,0.0023,0.26,0.22,0,
PTBP1,ZFR,FUBP3,0.0112,0.0022,0.22,0.212,0,
PSMA2,TXLNA,PPP1R10,0.0109,0.0022,0.18,0.158,0,
POU2F1,KPNA4,ERLIN1,0.0105,0.0021,0.26,0.156,0,
PSMA2,GNAS,TXLNA,0.0105,0.0021,0.22,0.176,0,
POU2F1,LSS,ERLIN1,0.0099,0.002,0.22,0.2,0,
PTBP1,PRMT1,CHERP,0.0095,0.0019,0.27,0.232,0,
POU2F1,MRPL12,MTARC1,0.0094,0.0019,0.13,0.136,0,
PTBP1,PCBP2,PPP1R10,0.008,0.0016,0.25,0.206,0,
PSMA2,CIP2A,EDC3,0.0078,0.0016,0.19,0.204,0,
PTBP1,DDX17,SF3A3,0.0078,0.0016,0.31,0.232,0,
PTBP1,PRMT1,PDK1,0.0077,0.0015,0.21,0.168,0,
PTBP1,NASP,SUPT5H,0.0076,0.0015,0.24,0.226,0,
PTBP1,SUGP2,FAM50A,0.0075,0.0015,0.23,0.186,0,
PTBP1,SAR1A,U2SURP,0.0074,0.0015,0.27,0.234,0,
PTBP1,STIP1,DHX15,0.007,0.0014,0.21,0.228,0,
PSMA2,PSMA4,XPNPEP1,0.0069,0.0014,0.27,0.216,0,
PTBP1,FUBP1,CDC5L,0.0067,0.0013,0.18,0.176,0,
PTBP1,NCL,STIP1,0.0067,0.0013,0.21,0.174,0,
POU2F1,ACTR2,COX5B,0.0063,0.0013,0.37,0.314,0,
POU2F1,HARS2,ACTN4,0.0061,0.0012,0.15,0.18,0,
PTBP1,CHERP,FUBP3,0.0054,0.0011,0.22,0.198,0,
PTBP1,MATR3,FUBP1,0.0048,0.001,0.2,0.176,0,
PTBP1,MATR3,PRMT1,0.0048,0.001,0.35,0.218,0,
POU2F1,PSPC1,SUPV3L1,0.0033,0.0007,0.25,0.17,0,
PTBP1,SUPT5H,LUC7L2,0.0027,0.0005,0.23,0.2,0,
POU2F1,EPB41,RUVBL2,0.0026,0.0005,0.28,0.232,0,
POU2F1,SUPV3L1,CDC37,0.0025,0.0005,0.22,0.222,0,
PTBP1,SET,RB1,0.0025,0.0005,0.19,0.178,0,
PTBP1,SFPQ,ANP32A,0.0025,0.0005,0.18,0.162,0,
POU2F1,ABHD10,LSS,0.0,0.0,0.16,0.146,0,
POU2F1,ACTN4,SUPV3L1,0.0,0.0,0.19,0.174,0,
POU2F1,ACTR2,NBN,0.0,0.0,0.41,0.286,0,
POU2F1,ACTR2,STIP1,0.0,0.0,0.21,0.188,0,
POU2F1,COX5B,PRPF19,0.0,0.0,0.23,0.164,0,
POU2F1,COX5B,STIP1,0.0,0.0,0.17,0.152,0,
POU2F1,ENO1,MYH10,0.0,0.0,0.22,0.212,0,
POU2F1,ENO1,SEC31A,0.0,0.0,0.2,0.184,0,
POU2F1,EPB41,COX5B,0.0,0.0,0.26,0.222,0,
POU2F1,ERLIN2,SEC31A,0.0,0.0,0.28,0.206,0,
POU2F1,GPD2,ERLIN2,0.0,0.0,0.16,0.158,0,
POU2F1,IBA57,KPNA4,0.0,0.0,0.2,0.16,0,
POU2F1,IBA57,MYH9,0.0,0.0,0.23,0.22,0,
POU2F1,KPNA4,MYH10,0.0,0.0,0.28,0.238,0,
POU2F1,LSS,GFP,0.0,0.0,0.18,0.162,0,
POU2F1,MYH10,COX5B,0.0,0.0,0.32,0.28,0,
POU2F1,NCKAP1,ERLIN1,0.0,0.0,0.18,0.174,0,
POU2F1,NCKAP1,GFP,0.0,0.0,0.22,0.186,0,
POU2F1,NCKAP1,POU2F1,0.0,0.0,0.19,0.184,0,
POU2F1,OLA1,RUVBL2,0.0,0.0,0.14,0.126,0,
POU2F1,PAICS,BOP1,0.0,0.0,0.14,0.14,0,
POU2F1,PAICS,ERLIN2,0.0,0.0,0.12,0.108,0,
POU2F1,PYGB,SAMM50,0.0,0.0,0.19,0.172,0,
POU2F1,RAD50,ACTN4,0.0,0.0,0.21,0.198,0,
POU2F1,RAD50,SAMM50,0.0,0.0,0.22,0.188,0,
POU2F1,RUVBL2,EMC7,0.0,0.0,0.13,0.124,0,
POU2F1,RUVBL2,NOP2,0.0,0.0,0.28,0.234,0,
POU2F1,SEPTIN2,CDC37,0.0,0.0,0.22,0.152,0,
POU2F1,SEPTIN2,GPD2,0.0,0.0,0.23,0.178,0,
POU2F1,SEPTIN2,NBN,0.0,0.0,0.3,0.248,0,
POU2F1,SEPTIN2,WASHC5,0.0,0.0,0.23,0.218,0,
POU2F1,SUPV3L1,SAMM50,0.0,0.0,0.23,0.198,0,
POU2F1,ABHD10,CDK12,0.0,0.0,0.26,0.234,0,
POU2F1,ABHD10,FUS,0.0,0.0,0.22,0.184,0,
POU2F1,ACTN4,COX5B,0.0,0.0,0.17,0.14,0,
POU2F1,ACTN4,GFP,0.0,0.0,0.15,0.136,0,
POU2F1,ACTN4,POU2F1,0.0,0.0,0.18,0.166,0,
POU2F1,ACTR2,NCKAP1,0.0,0.0,0.23,0.21,0,
POU2F1,BOP1,LSS,0.0,0.0,0.18,0.17,0,
POU2F1,BOP1,NCKAP1,0.0,0.0,0.27,0.226,0,
POU2F1,DLAT,ERLIN1,0.0,0.0,0.13,0.122,0,
POU2F1,DLAT,RAD50,0.0,0.0,0.2,0.19,0,
POU2F1,DLAT,SAMM50,0.0,0.0,0.18,0.156,0,
POU2F1,EMC7,GFP,0.0,0.0,0.15,0.124,0,
POU2F1,ENO1,ABHD10,0.0,0.0,0.17,0.148,0,
POU2F1,ENO1,GFP,0.0,0.0,0.18,0.15,0,
POU2F1,ENO1,NCKAP1,0.0,0.0,0.19,0.18,0,
POU2F1,ERLIN1,POU2F1,0.0,0.0,0.14,0.13,0,
POU2F1,LSS,PRPF19,0.0,0.0,0.27,0.24,0,
POU2F1,LSS,SAMM50,0.0,0.0,0.28,0.24,0,
POU2F1,LSS,STIP1,0.0,0.0,0.19,0.182,0,
POU2F1,PAICS,ENO1,0.0,0.0,0.16,0.142,0,
POU2F1,PSPC1,EMC7,0.0,0.0,0.13,0.114,0,
POU2F1,PSPC1,IBA57,0.0,0.0,0.13,0.128,0,
POU2F1,PSPC1,LSS,0.0,0.0,0.16,0.154,0,
POU2F1,PSPC1,MYH10,0.0,0.0,0.22,0.214,0,
POU2F1,PSPC1,STIP1,0.0,0.0,0.14,0.134,0,
POU2F1,RUVBL2,MTARC1,0.0,0.0,0.16,0.15,0,
POU2F1,SEPTIN2,MYH9,0.0,0.0,0.26,0.236,0,
POU2F1,WASHC5,STIP1,0.0,0.0,0.19,0.186,0,
POU2F1,ABHD10,BUB3,0.0,0.0,0.18,0.15,0,
POU2F1,ACTN4,SEC31A,0.0,0.0,0.21,0.2,0,
POU2F1,ACTR2,PYGB,0.0,0.0,0.45,0.248,0,
POU2F1,ACTR2,RAD50,0.0,0.0,0.22,0.208,0,
POU2F1,DLAT,WASHC5,0.0,0.0,0.2,0.192,0,
POU2F1,EMC7,FUS,0.0,0.0,0.13,0.12,0,
POU2F1,ENO1,EMC7,0.0,0.0,0.15,0.126,0,
POU2F1,ENO1,PYGB,0.0,0.0,0.18,0.166,0,
POU2F1,EPB41,ERLIN2,0.0,0.0,0.19,0.162,0,
POU2F1,ERLIN2,GFP,0.0,0.0,0.33,0.174,0,
POU2F1,GPD2,NBN,0.0,0.0,0.21,0.188,0,
POU2F1,LSS,MTARC1,0.0,0.0,0.22,0.172,0,
POU2F1,MRPL12,PYGB,0.0,0.0,0.25,0.182,0,
POU2F1,MTARC1,STIP1,0.0,0.0,0.16,0.146,0,
POU2F1,MYH10,ERLIN1,0.0,0.0,0.22,0.214,0,
POU2F1,NBN,MTARC1,0.0,0.0,0.23,0.184,0,
POU2F1,NCKAP1,COX5B,0.0,0.0,0.21,0.196,0,
POU2F1,OLA1,NCKAP1,0.0,0.0,0.2,0.184,0,
POU2F1,OLA1,SEC31A,0.0,0.0,0.24,0.194,0,
POU2F1,OLA1,STIP1,0.0,0.0,0.2,0.164,0,
POU2F1,PSPC1,CDC37,0.0,0.0,0.13,0.124,0,
POU2F1,PSPC1,MTARC1,0.0,0.0,0.13,0.124,0,
POU2F1,PYGB,ABHD10,0.0,0.0,0.21,0.196,0,
POU2F1,PYGB,FUS,0.0,0.0,0.19,0.18,0,
POU2F1,RAD50,GPD2,0.0,0.0,0.2,0.192,0,
POU2F1,RUVBL2,ERLIN2,0.0,0.0,0.12,0.11,0,
POU2F1,SAMM50,GFP,0.0,0.0,0.35,0.28,0,
POU2F1,SAMM50,PRPF19,0.0,0.0,0.17,0.144,0,
POU2F1,ABHD10,RUVBL2,0.0,0.0,0.14,0.132,0,
POU2F1,ABHD10,SEC31A,0.0,0.0,0.21,0.208,0,
POU2F1,ABHD10,SUPV3L1,0.0,0.0,0.48,0.256,0,
POU2F1,ACTR2,CDK12,0.0,0.0,0.37,0.344,0,
POU2F1,ACTR2,ERLIN1,0.0,0.0,0.22,0.148,0,
POU2F1,ACTR2,GPD2,0.0,0.0,0.18,0.166,0,
POU2F1,DLAT,FUS,0.0,0.0,0.17,0.156,0,
POU2F1,DLAT,SUPV3L1,0.0,0.0,0.26,0.216,0,
POU2F1,EPB41,PYGB,0.0,0.0,0.22,0.198,0,
POU2F1,ERLIN1,BUB3,0.0,0.0,0.15,0.12,0,
POU2F1,ERLIN1,SEC31A,0.0,0.0,0.26,0.186,0,
POU2F1,HARS2,COX5B,0.0,0.0,0.17,0.152,0,
POU2F1,HARS2,ENO1,0.0,0.0,0.18,0.134,0,
POU2F1,HARS2,OLA1,0.0,0.0,0.16,0.144,0,
POU2F1,IBA57,MYH10,0.0,0.0,0.24,0.224,0,
POU2F1,IBA57,NCKAP1,0.0,0.0,0.21,0.194,0,
POU2F1,KPNA4,ERLIN2,0.0,0.0,0.22,0.146,0,
POU2F1,LSS,FUS,0.0,0.0,0.24,0.198,0,
POU2F1,MTARC1,EMC7,0.0,0.0,0.16,0.152,0,
POU2F1,NBN,EMC7,0.0,0.0,0.23,0.178,0,
POU2F1,NCKAP1,EMC7,0.0,0.0,0.18,0.172,0,
POU2F1,NOP2,MTARC1,0.0,0.0,0.4,0.228,0,
POU2F1,PAICS,CDC37,0.0,0.0,0.13,0.118,0,
POU2F1,PAICS,NOP2,0.0,0.0,0.21,0.174,0,
POU2F1,PAICS,SETD1A,0.0,0.0,0.23,0.212,0,
POU2F1,RAD50,ABHD10,0.0,0.0,0.33,0.254,0,
POU2F1,RAD50,LSS,0.0,0.0,0.25,0.206,0,
POU2F1,RAD50,PRPF19,0.0,0.0,0.23,0.206,0,
POU2F1,SEPTIN2,PYGB,0.0,0.0,0.18,0.176,0,
POU2F1,STIP1,FUS,0.0,0.0,0.21,0.156,0,
POU2F1,ACTR2,EMC7,0.0,0.0,0.16,0.15,0,
POU2F1,BOP1,ACTN4,0.0,0.0,0.17,0.168,0,
POU2F1,BUB3,POU2F1,0.0,0.0,0.26,0.208,0,
POU2F1,CDC37,POU2F1,0.0,0.0,0.23,0.176,0,
POU2F1,DLAT,BUB3,0.0,0.0,0.16,0.142,0,
POU2F1,DLAT,CDK12,0.0,0.0,0.26,0.242,0,
POU2F1,DLAT,IBA57,0.0,0.0,0.17,0.148,0,
POU2F1,EMC7,ERLIN2,0.0,0.0,0.14,0.128,0,
POU2F1,ENO1,MTARC1,0.0,0.0,0.17,0.154,0,
POU2F1,ENO1,SAMM50,0.0,0.0,0.21,0.16,0,
POU2F1,GPD2,WASHC5,0.0,0.0,0.22,0.208,0,
POU2F1,HARS2,EPB41,0.0,0.0,0.3,0.23,0,
POU2F1,HARS2,LSS,0.0,0.0,0.38,0.248,0,
POU2F1,IBA57,PRPF19,0.0,0.0,0.16,0.138,0,
POU2F1,LSS,NBN,0.0,0.0,0.21,0.192,0,
POU2F1,MRPL12,ABHD10,0.0,0.0,0.11,0.102,0,
POU2F1,MRPL12,NCKAP1,0.0,0.0,0.17,0.158,0,
POU2F1,MTARC1,ERLIN2,0.0,0.0,0.17,0.14,0,
POU2F1,NBN,ERLIN2,0.0,0.0,0.21,0.158,0,
POU2F1,NBN,FUS,0.0,0.0,0.17,0.158,0,
POU2F1,NBN,PRPF19,0.0,0.0,0.31,0.256,0,
POU2F1,PSPC1,ACTN4,0.0,0.0,0.17,0.156,0,
POU2F1,RAD50,OLA1,0.0,0.0,0.39,0.264,0,
POU2F1,SAMM50,EMC7,0.0,0.0,0.18,0.166,0,
POU2F1,SAMM50,MTARC1,0.0,0.0,0.16,0.148,0,
POU2F1,STIP1,ERLIN2,0.0,0.0,0.17,0.148,0,
POU2F1,SUPV3L1,POU2F1,0.0,0.0,0.37,0.232,0,
POU2F1,ABHD10,NCKAP1,0.0,0.0,0.19,0.174,0,
POU2F1,ACTN4,RUVBL2,0.0,0.0,0.16,0.154,0,
POU2F1,BOP1,SUPV3L1,0.0,0.0,0.31,0.218,0,
POU2F1,CDC37,FUS,0.0,0.0,0.15,0.134,0,
POU2F1,DLAT,PRPF19,0.0,0.0,0.18,0.15,0,
POU2F1,ENO1,SETD1A,0.0,0.0,0.62,0.284,0,
POU2F1,ERLIN1,GFP,0.0,0.0,0.34,0.172,0,
POU2F1,ERLIN2,SETD1A,0.0,0.0,0.2,0.19,0,
POU2F1,HARS2,GFP,0.0,0.0,0.16,0.138,0,
POU2F1,HARS2,RAD50,0.0,0.0,0.18,0.178,0,
POU2F1,HARS2,SAMM50,0.0,0.0,0.15,0.14,0,
POU2F1,IBA57,BUB3,0.0,0.0,0.22,0.19,0,
POU2F1,LSS,COX5B,0.0,0.0,0.2,0.182,0,
POU2F1,LSS,ERLIN2,0.0,0.0,0.19,0.176,0,
POU2F1,LSS,SETD1A,0.0,0.0,0.24,0.226,0,
POU2F1,MTARC1,PRPF19,0.0,0.0,0.19,0.172,0,
POU2F1,OLA1,CDK12,0.0,0.0,0.27,0.24,0,
POU2F1,OLA1,EMC7,0.0,0.0,0.14,0.134,0,
POU2F1,OLA1,GPD2,0.0,0.0,0.17,0.158,0,
POU2F1,OLA1,PYGB,0.0,0.0,0.21,0.18,0,
POU2F1,PAICS,NBN,0.0,0.0,0.27,0.188,0,
POU2F1,PYGB,LSS,0.0,0.0,0.21,0.196,0,
POU2F1,RAD50,ERLIN1,0.0,0.0,0.18,0.166,0,
POU2F1,RUVBL2,POU2F1,0.0,0.0,0.22,0.182,0,
POU2F1,RUVBL2,STIP1,0.0,0.0,0.19,0.156,0,
POU2F1,SAMM50,ERLIN2,0.0,0.0,0.22,0.17,0,
POU2F1,SAMM50,NOP2,0.0,0.0,0.29,0.254,0,
POU2F1,SEPTIN2,LSS,0.0,0.0,0.16,0.158,0,
POU2F1,SEPTIN2,MYH10,0.0,0.0,0.26,0.236,0,
POU2F1,WASHC5,BUB3,0.0,0.0,0.22,0.208,0,
POU2F1,ABHD10,MTARC1,0.0,0.0,0.24,0.186,0,
POU2F1,ACTN4,BUB3,0.0,0.0,0.18,0.156,0,
POU2F1,ACTN4,ERLIN1,0.0,0.0,0.17,0.14,0,
POU2F1,BOP1,ERLIN1,0.0,0.0,0.15,0.142,0,
POU2F1,CDC37,ERLIN2,0.0,0.0,0.11,0.1,0,
POU2F1,CDC37,MYH9,0.0,0.0,0.27,0.24,0,
POU2F1,CDC37,WASHC5,0.0,0.0,0.3,0.208,0,
POU2F1,DLAT,PAICS,0.0,0.0,0.16,0.144,0,
POU2F1,EMC7,ERLIN1,0.0,0.0,0.17,0.15,0,
POU2F1,ENO1,ERLIN2,0.0,0.0,0.12,0.114,0,
POU2F1,ENO1,STIP1,0.0,0.0,0.2,0.192,0,
POU2F1,ERLIN1,SETD1A,0.0,0.0,0.22,0.194,0,
POU2F1,ERLIN2,PRPF19,0.0,0.0,0.2,0.156,0,
POU2F1,IBA57,FUS,0.0,0.0,0.17,0.148,0,
POU2F1,IBA57,SEC31A,0.0,0.0,0.19,0.184,0,
POU2F1,LSS,WASHC5,0.0,0.0,0.21,0.198,0,
POU2F1,MTARC1,CDK12,0.0,0.0,0.22,0.208,0,
POU2F1,NOP2,ERLIN2,0.0,0.0,0.17,0.144,0,
POU2F1,OLA1,ERLIN1,0.0,0.0,0.13,0.116,0,
POU2F1,PSPC1,ERLIN2,0.0,0.0,0.21,0.162,0,
POU2F1,PYGB,MTARC1,0.0,0.0,0.22,0.172,0,
POU2F1,PYGB,NCKAP1,0.0,0.0,0.21,0.198,0,
POU2F1,RAD50,NCKAP1,0.0,0.0,0.23,0.214,0,
POU2F1,RAD50,PYGB,0.0,0.0,0.21,0.198,0,
POU2F1,SEPTIN2,DLAT,0.0,0.0,0.21,0.172,0,
POU2F1,SEPTIN2,NCKAP1,0.0,0.0,0.24,0.21,0,
POU2F1,SEPTIN2,STIP1,0.0,0.0,0.22,0.174,0,
POU2F1,STIP1,PRPF19,0.0,0.0,0.15,0.148,0,
POU2F1,SUPV3L1,MTARC1,0.0,0.0,0.25,0.19,0,
POU2F1,SUPV3L1,STIP1,0.0,0.0,0.2,0.178,0,
POU2F1,WASHC5,PRPF19,0.0,0.0,0.2,0.196,0,
POU2F1,WASHC5,RUVBL2,0.0,0.0,0.21,0.2,0,
POU2F1,ABHD10,ERLIN2,0.0,0.0,0.14,0.116,0,
POU2F1,ACTR2,KPNA4,0.0,0.0,0.28,0.208,0,
POU2F1,BOP1,CDC37,0.0,0.0,0.19,0.164,0,
POU2F1,BOP1,RUVBL2,0.0,0.0,0.23,0.172,0,
POU2F1,DLAT,LSS,0.0,0.0,0.33,0.206,0,
POU2F1,EMC7,PRPF19,0.0,0.0,0.13,0.122,0,
POU2F1,EPB41,OLA1,0.0,0.0,0.26,0.202,0,
POU2F1,HARS2,IBA57,0.0,0.0,0.17,0.154,0,
POU2F1,HARS2,MTARC1,0.0,0.0,0.19,0.16,0,
POU2F1,MRPL12,ACTR2,0.0,0.0,0.23,0.192,0,
POU2F1,MRPL12,MYH9,0.0,0.0,0.26,0.238,0,
POU2F1,MTARC1,ERLIN1,0.0,0.0,0.16,0.132,0,
POU2F1,NCKAP1,SEC31A,0.0,0.0,0.34,0.268,0,
POU2F1,OLA1,COX5B,0.0,0.0,0.15,0.134,0,
POU2F1,PAICS,ERLIN1,0.0,0.0,0.11,0.108,0,
POU2F1,PAICS,GPD2,0.0,0.0,0.17,0.156,0,
POU2F1,PAICS,KPNA4,0.0,0.0,0.14,0.13,0,
POU2F1,POU2F1,GFP,0.0,0.0,0.28,0.214,0,
POU2F1,RAD50,COX5B,0.0,0.0,0.31,0.252,0,
POU2F1,RUVBL2,ERLIN1,0.0,0.0,0.12,0.11,0,
POU2F1,SEPTIN2,IBA57,0.0,0.0,0.18,0.172,0,
POU2F1,SEPTIN2,SEC31A,0.0,0.0,0.29,0.252,0,
POU2F1,STIP1,SETD1A,0.0,0.0,0.21,0.202,0,
POU2F1,WASHC5,COX5B,0.0,0.0,0.33,0.254,0,
POU2F1,ABHD10,MYH9,0.0,0.0,0.31,0.24,0,
POU2F1,ACTN4,CDC37,0.0,0.0,0.22,0.188,0,
POU2F1,ACTN4,SAMM50,0.0,0.0,0.28,0.212,0,
POU2F1,ACTN4,STIP1,0.0,0.0,0.17,0.154,0,
POU2F1,BOP1,WASHC5,0.0,0.0,0.22,0.208,0,
POU2F1,CDK12,GFP,0.0,0.0,0.28,0.236,0,
POU2F1,DLAT,PYGB,0.0,0.0,0.28,0.198,0,
POU2F1,ENO1,BOP1,0.0,0.0,0.25,0.166,0,
POU2F1,ENO1,NOP2,0.0,0.0,0.17,0.156,0,
POU2F1,EPB41,NCKAP1,0.0,0.0,0.27,0.226,0,
POU2F1,GPD2,ERLIN1,0.0,0.0,0.17,0.166,0,
POU2F1,HARS2,ABHD10,0.0,0.0,0.15,0.134,0,
POU2F1,HARS2,DLAT,0.0,0.0,0.16,0.152,0,
POU2F1,HARS2,EMC7,0.0,0.0,0.16,0.128,0,
POU2F1,HARS2,NBN,0.0,0.0,0.17,0.16,0,
POU2F1,HARS2,STIP1,0.0,0.0,0.18,0.16,0,
POU2F1,MRPL12,DLAT,0.0,0.0,0.14,0.13,0,
POU2F1,MRPL12,NOP2,0.0,0.0,0.25,0.184,0,
POU2F1,OLA1,CDC37,0.0,0.0,0.28,0.166,0,
POU2F1,PAICS,SUPV3L1,0.0,0.0,0.2,0.176,0,
POU2F1,PAICS,WASHC5,0.0,0.0,0.19,0.182,0,
POU2F1,PSPC1,PAICS,0.0,0.0,0.14,0.126,0,
POU2F1,PYGB,SUPV3L1,0.0,0.0,0.19,0.186,0,
POU2F1,RAD50,BOP1,0.0,0.0,0.21,0.204,0,
POU2F1,RAD50,KPNA4,0.0,0.0,0.25,0.212,0,
POU2F1,RUVBL2,COX5B,0.0,0.0,0.15,0.128,0,
POU2F1,RUVBL2,SETD1A,0.0,0.0,0.28,0.236,0,
POU2F1,SETD1A,POU2F1,0.0,0.0,0.22,0.208,0,
POU2F1,SUPV3L1,COX5B,0.0,0.0,0.3,0.222,0,
POU2F1,SUPV3L1,ERLIN2,0.0,0.0,0.17,0.162,0,
POU2F1,SUPV3L1,NBN,0.0,0.0,0.24,0.224,0,
POU2F1,ACTN4,EMC7,0.0,0.0,0.18,0.138,0,
POU2F1,ACTR2,IBA57,0.0,0.0,0.26,0.212,0,
POU2F1,ACTR2,LSS,0.0,0.0,0.2,0.166,0,
POU2F1,ACTR2,MYH9,0.0,0.0,0.32,0.24,0,
POU2F1,BOP1,GFP,0.0,0.0,0.16,0.144,0,
POU2F1,EMC7,CDK12,0.0,0.0,0.27,0.226,0,
POU2F1,ENO1,CDC37,0.0,0.0,0.18,0.144,0,
POU2F1,EPB41,PAICS,0.0,0.0,0.17,0.162,0,
POU2F1,HARS2,ERLIN2,0.0,0.0,0.13,0.116,0,
POU2F1,IBA57,SETD1A,0.0,0.0,0.22,0.206,0,
POU2F1,KPNA4,POU2F1,0.0,0.0,0.29,0.224,0,
POU2F1,LSS,NOP2,0.0,0.0,0.19,0.18,0,
POU2F1,MRPL12,MYH10,0.0,0.0,0.26,0.248,0,
POU2F1,MRPL12,PSPC1,0.0,0.0,0.12,0.112,0,
POU2F1,MRPL12,SETD1A,0.0,0.0,0.25,0.224,0,
POU2F1,NCKAP1,BUB3,0.0,0.0,0.22,0.198,0,
POU2F1,NCKAP1,PRPF19,0.0,0.0,0.21,0.198,0,
POU2F1,PAICS,FUS,0.0,0.0,0.17,0.15,0,
POU2F1,PRPF19,POU2F1,0.0,0.0,0.18,0.17,0,
POU2F1,PSPC1,COX5B,0.0,0.0,0.23,0.168,0,
POU2F1,PSPC1,FUS,0.0,0.0,0.15,0.134,0,
POU2F1,PSPC1,NOP2,0.0,0.0,0.24,0.186,0,
POU2F1,PSPC1,RAD50,0.0,0.0,0.19,0.178,0,
POU2F1,PYGB,ERLIN2,0.0,0.0,0.16,0.15,0,
POU2F1,PYGB,POU2F1,0.0,0.0,0.28,0.252,0,
POU2F1,RAD50,IBA57,0.0,0.0,0.21,0.184,0,
POU2F1,SAMM50,STIP1,0.0,0.0,0.24,0.22,0,
POU2F1,SEPTIN2,BUB3,0.0,0.0,0.14,0.13,0,
POU2F1,WASHC5,MTARC1,0.0,0.0,0.19,0.176,0,
POU2F1,ABHD10,GFP,0.0,0.0,0.19,0.164,0,
POU2F1,ACTN4,MTARC1,0.0,0.0,0.22,0.162,0,
POU2F1,ACTR2,PAICS,0.0,0.0,0.15,0.144,0,
POU2F1,BOP1,SAMM50,0.0,0.0,0.23,0.192,0,
POU2F1,COX5B,FUS,0.0,0.0,0.24,0.162,0,
POU2F1,DLAT,ABHD10,0.0,0.0,0.16,0.148,0,
POU2F1,DLAT,SETD1A,0.0,0.0,0.24,0.21,0,
POU2F1,EPB41,GPD2,0.0,0.0,0.33,0.242,0,
POU2F1,EPB41,PSPC1,0.0,0.0,0.16,0.156,0,
POU2F1,ERLIN2,FUS,0.0,0.0,0.15,0.128,0,
POU2F1,GPD2,LSS,0.0,0.0,0.21,0.19,0,
POU2F1,IBA57,ACTN4,0.0,0.0,0.21,0.16,0,
POU2F1,IBA57,EMC7,0.0,0.0,0.13,0.114,0,
POU2F1,IBA57,ERLIN2,0.0,0.0,0.15,0.132,0,
POU2F1,MRPL12,COX5B,0.0,0.0,0.11,0.082,0,
POU2F1,NCKAP1,WASHC5,0.0,0.0,0.24,0.218,0,
POU2F1,NOP2,ERLIN1,0.0,0.0,0.15,0.14,0,
POU2F1,NOP2,GFP,0.0,0.0,0.25,0.198,0,
POU2F1,OLA1,BUB3,0.0,0.0,0.17,0.138,0,
POU2F1,PAICS,BUB3,0.0,0.0,0.16,0.128,0,
POU2F1,PSPC1,OLA1,0.0,0.0,0.13,0.124,0,
POU2F1,PYGB,WASHC5,0.0,0.0,0.2,0.2,0,
POU2F1,RAD50,GFP,0.0,0.0,0.21,0.186,0,
POU2F1,RAD50,NBN,0.0,0.0,0.24,0.214,0,
POU2F1,SUPV3L1,NCKAP1,0.0,0.0,0.2,0.198,0,
POU2F1,WASHC5,ERLIN2,0.0,0.0,0.19,0.176,0,
POU2F1,ABHD10,ERLIN1,0.0,0.0,0.13,0.12,0,
POU2F1,ABHD10,MYH10,0.0,0.0,0.29,0.236,0,
POU2F1,ACTR2,BUB3,0.0,0.0,0.15,0.138,0,
POU2F1,BOP1,STIP1,0.0,0.0,0.22,0.172,0,
POU2F1,CDC37,MYH10,0.0,0.0,0.25,0.236,0,
POU2F1,CDC37,SAMM50,0.0,0.0,0.22,0.154,0,
POU2F1,DLAT,COX5B,0.0,0.0,0.18,0.148,0,
POU2F1,EPB41,ERLIN1,0.0,0.0,0.18,0.162,0,
POU2F1,EPB41,GFP,0.0,0.0,0.27,0.244,0,
POU2F1,EPB41,RAD50,0.0,0.0,0.2,0.196,0,
POU2F1,HARS2,CDK12,0.0,0.0,0.23,0.214,0,
POU2F1,HARS2,NCKAP1,0.0,0.0,0.2,0.186,0,
POU2F1,MRPL12,ERLIN2,0.0,0.0,0.13,0.096,0,
POU2F1,MRPL12,OLA1,0.0,0.0,0.12,0.112,0,
POU2F1,OLA1,LSS,0.0,0.0,0.18,0.166,0,
POU2F1,OLA1,SAMM50,0.0,0.0,0.15,0.134,0,
POU2F1,PAICS,ACTN4,0.0,0.0,0.18,0.154,0,
POU2F1,PAICS,LSS,0.0,0.0,0.16,0.148,0,
POU2F1,PAICS,RAD50,0.0,0.0,0.18,0.17,0,
POU2F1,PSPC1,ACTR2,0.0,0.0,0.14,0.134,0,
POU2F1,PSPC1,POU2F1,0.0,0.0,0.15,0.144,0,
POU2F1,PYGB,BOP1,0.0,0.0,0.18,0.18,0,
POU2F1,PYGB,SEC31A,0.0,0.0,0.3,0.232,0,
POU2F1,PYGB,STIP1,0.0,0.0,0.19,0.184,0,
POU2F1,RUVBL2,KPNA4,0.0,0.0,0.17,0.154,0,
POU2F1,SAMM50,ERLIN1,0.0,0.0,0.17,0.138,0,
POU2F1,SEC31A,BUB3,0.0,0.0,0.32,0.24,0,
POU2F1,ABHD10,BOP1,0.0,0.0,0.17,0.154,0,
POU2F1,ABHD10,STIP1,0.0,0.0,0.18,0.162,0,
POU2F1,DLAT,ENO1,0.0,0.0,0.16,0.144,0,
POU2F1,DLAT,NOP2,0.0,0.0,0.18,0.17,0,
POU2F1,EMC7,POU2F1,0.0,0.0,0.22,0.184,0,
POU2F1,ENO1,ACTN4,0.0,0.0,0.18,0.16,0,
POU2F1,ENO1,KPNA4,0.0,0.0,0.16,0.146,0,
POU2F1,GPD2,CDC37,0.0,0.0,0.18,0.17,0,
POU2F1,GPD2,RUVBL2,0.0,0.0,0.17,0.156,0,
POU2F1,HARS2,MYH9,0.0,0.0,0.22,0.214,0,
POU2F1,HARS2,SUPV3L1,0.0,0.0,0.18,0.17,0,
POU2F1,IBA57,RUVBL2,0.0,0.0,0.18,0.164,0,
POU2F1,MRPL12,ERLIN1,0.0,0.0,0.16,0.124,0,
POU2F1,MRPL12,FUS,0.0,0.0,0.14,0.128,0,
POU2F1,MRPL12,RUVBL2,0.0,0.0,0.21,0.146,0,
POU2F1,MYH9,BUB3,0.0,0.0,0.47,0.286,0,
POU2F1,MYH9,GFP,0.0,0.0,0.24,0.226,0,
POU2F1,NCKAP1,RUVBL2,0.0,0.0,0.22,0.214,0,
POU2F1,OLA1,MYH9,0.0,0.0,0.24,0.218,0,
POU2F1,PAICS,CDK12,0.0,0.0,0.22,0.206,0,
POU2F1,PAICS,IBA57,0.0,0.0,0.16,0.154,0,
POU2F1,PAICS,NCKAP1,0.0,0.0,0.18,0.172,0,
POU2F1,PAICS,RUVBL2,0.0,0.0,0.14,0.138,0,
POU2F1,PSPC1,SEC31A,0.0,0.0,0.2,0.194,0,
POU2F1,RAD50,BUB3,0.0,0.0,0.21,0.196,0,
POU2F1,SAMM50,COX5B,0.0,0.0,0.22,0.174,0,
POU2F1,SEPTIN2,ACTR2,0.0,0.0,0.25,0.23,0,
POU2F1,SEPTIN2,MTARC1,0.0,0.0,0.2,0.178,0,
POU2F1,SEPTIN2,PRPF19,0.0,0.0,0.17,0.148,0,
POU2F1,SUPV3L1,ERLIN1,0.0,0.0,0.18,0.164,0,
POU2F1,SUPV3L1,RUVBL2,0.0,0.0,0.19,0.186,0,
POU2F1,ABHD10,ACTN4,0.0,0.0,0.22,0.178,0,
POU2F1,ABHD10,EMC7,0.0,0.0,0.15,0.128,0,
POU2F1,ACTN4,LSS,0.0,0.0,0.18,0.172,0,
POU2F1,ACTN4,WASHC5,0.0,0.0,0.21,0.198,0,
POU2F1,ACTR2,ABHD10,0.0,0.0,0.13,0.126,0,
POU2F1,ACTR2,MYH10,0.0,0.0,0.24,0.224,0,
POU2F1,ACTR2,WASHC5,0.0,0.0,0.24,0.216,0,
POU2F1,CDC37,ERLIN1,0.0,0.0,0.19,0.126,0,
POU2F1,EMC7,COX5B,0.0,0.0,0.13,0.114,0,
POU2F1,EMC7,SEC31A,0.0,0.0,0.2,0.176,0,
POU2F1,ENO1,CDK12,0.0,0.0,0.25,0.216,0,
POU2F1,ENO1,ERLIN1,0.0,0.0,0.12,0.112,0,
POU2F1,ENO1,WASHC5,0.0,0.0,0.2,0.194,0,
POU2F1,EPB41,EMC7,0.0,0.0,0.23,0.19,0,
POU2F1,EPB41,FUS,0.0,0.0,0.19,0.17,0,
POU2F1,FUS,SEC31A,0.0,0.0,0.19,0.184,0,
POU2F1,HARS2,KPNA4,0.0,0.0,0.16,0.146,0,
POU2F1,IBA57,ABHD10,0.0,0.0,0.27,0.19,0,
POU2F1,MYH9,EMC7,0.0,0.0,0.29,0.268,0,
POU2F1,MYH9,MTARC1,0.0,0.0,0.23,0.22,0,
POU2F1,NCKAP1,CDC37,0.0,0.0,0.18,0.176,0,
POU2F1,PAICS,OLA1,0.0,0.0,0.14,0.13,0,
POU2F1,PAICS,PYGB,0.0,0.0,0.19,0.164,0,
POU2F1,PSPC1,BUB3,0.0,0.0,0.31,0.2,0,
POU2F1,PSPC1,ENO1,0.0,0.0,0.27,0.19,0,
POU2F1,PSPC1,RUVBL2,0.0,0.0,0.17,0.132,0,
POU2F1,PYGB,PRPF19,0.0,0.0,0.25,0.206,0,
POU2F1,RAD50,WASHC5,0.0,0.0,0.24,0.222,0,
POU2F1,SEPTIN2,GFP,0.0,0.0,0.18,0.166,0,
POU2F1,SEPTIN2,HARS2,0.0,0.0,0.16,0.146,0,
POU2F1,SEPTIN2,OLA1,0.0,0.0,0.18,0.154,0,
POU2F1,ABHD10,COX5B,0.0,0.0,0.15,0.134,0,
POU2F1,ABHD10,SETD1A,0.0,0.0,0.28,0.224,0,
POU2F1,ABHD10,WASHC5,0.0,0.0,0.23,0.198,0,
POU2F1,ACTN4,ERLIN2,0.0,0.0,0.17,0.142,0,
POU2F1,DLAT,BOP1,0.0,0.0,0.18,0.166,0,
POU2F1,DLAT,ERLIN2,0.0,0.0,0.14,0.124,0,
POU2F1,DLAT,STIP1,0.0,0.0,0.16,0.148,0,
POU2F1,ENO1,FUS,0.0,0.0,0.22,0.184,0,
POU2F1,ENO1,LSS,0.0,0.0,0.26,0.184,0,
POU2F1,ENO1,RAD50,0.0,0.0,0.19,0.18,0,
POU2F1,EPB41,ENO1,0.0,0.0,0.2,0.182,0,
POU2F1,EPB41,IBA57,0.0,0.0,0.24,0.216,0,
POU2F1,EPB41,LSS,0.0,0.0,0.19,0.182,0,
POU2F1,ERLIN1,STIP1,0.0,0.0,0.21,0.148,0,
POU2F1,ERLIN2,POU2F1,0.0,0.0,0.14,0.13,0,
POU2F1,HARS2,PYGB,0.0,0.0,0.2,0.176,0,
POU2F1,KPNA4,GFP,0.0,0.0,0.23,0.17,0,
POU2F1,MYH10,PRPF19,0.0,0.0,0.28,0.242,0,
POU2F1,MYH9,ERLIN2,0.0,0.0,0.26,0.218,0,
POU2F1,NCKAP1,NOP2,0.0,0.0,0.24,0.21,0,
POU2F1,OLA1,MYH10,0.0,0.0,0.24,0.22,0,
POU2F1,OLA1,POU2F1,0.0,0.0,0.19,0.174,0,
POU2F1,PAICS,ABHD10,0.0,0.0,0.15,0.128,0,
POU2F1,PAICS,COX5B,0.0,0.0,0.18,0.156,0,
POU2F1,PAICS,GFP,0.0,0.0,0.18,0.148,0,
POU2F1,PAICS,SEC31A,0.0,0.0,0.18,0.172,0,
POU2F1,PSPC1,BOP1,0.0,0.0,0.16,0.15,0,
POU2F1,PSPC1,PRPF19,0.0,0.0,0.21,0.158,0,
POU2F1,PSPC1,WASHC5,0.0,0.0,0.19,0.182,0,
POU2F1,RAD50,EMC7,0.0,0.0,0.27,0.19,0,
POU2F1,SEPTIN2,EMC7,0.0,0.0,0.12,0.11,0,
POU2F1,SEPTIN2,ERLIN2,0.0,0.0,0.14,0.122,0,
POU2F1,SEPTIN2,RUVBL2,0.0,0.0,0.17,0.14,0,
POU2F1,WASHC5,ERLIN1,0.0,0.0,0.19,0.176,0,
POU2F1,ACTR2,ACTN4,0.0,0.0,0.19,0.17,0,
POU2F1,BOP1,EMC7,0.0,0.0,0.26,0.168,0,
POU2F1,CDC37,GFP,0.0,0.0,0.17,0.154,0,
POU2F1,ENO1,SUPV3L1,0.0,0.0,0.17,0.16,0,
POU2F1,GPD2,GFP,0.0,0.0,0.17,0.158,0,
POU2F1,HARS2,ERLIN1,0.0,0.0,0.12,0.116,0,
POU2F1,HARS2,SETD1A,0.0,0.0,0.22,0.21,0,
POU2F1,IBA57,GPD2,0.0,0.0,0.18,0.166,0,
POU2F1,IBA57,NOP2,0.0,0.0,0.38,0.25,0,
POU2F1,IBA57,SAMM50,0.0,0.0,0.15,0.148,0,
POU2F1,LSS,BUB3,0.0,0.0,0.17,0.15,0,
POU2F1,MRPL12,GFP,0.0,0.0,0.14,0.118,0,
POU2F1,MRPL12,GPD2,0.0,0.0,0.22,0.178,0,
POU2F1,MRPL12,IBA57,0.0,0.0,0.17,0.138,0,
POU2F1,MRPL12,RAD50,0.0,0.0,0.26,0.184,0,
POU2F1,MTARC1,BUB3,0.0,0.0,0.2,0.162,0,
POU2F1,NCKAP1,MTARC1,0.0,0.0,0.18,0.17,0,
POU2F1,NCKAP1,SAMM50,0.0,0.0,0.35,0.24,0,
POU2F1,NOP2,BUB3,0.0,0.0,0.34,0.26,0,
POU2F1,PAICS,SAMM50,0.0,0.0,0.14,0.132,0,
POU2F1,PSPC1,CDK12,0.0,0.0,0.2,0.192,0,
POU2F1,PSPC1,ERLIN1,0.0,0.0,0.16,0.13,0,
POU2F1,PSPC1,GFP,0.0,0.0,0.17,0.132,0,
POU2F1,PSPC1,GPD2,0.0,0.0,0.15,0.148,0,
POU2F1,PYGB,ACTN4,0.0,0.0,0.19,0.176,0,
POU2F1,PYGB,ERLIN1,0.0,0.0,0.16,0.15,0,
POU2F1,RAD50,MTARC1,0.0,0.0,0.18,0.17,0,
POU2F1,RAD50,STIP1,0.0,0.0,0.2,0.19,0,
POU2F1,RUVBL2,GFP,0.0,0.0,0.15,0.142,0,
POU2F1,SEPTIN2,PAICS,0.0,0.0,0.16,0.138,0,
POU2F1,SETD1A,GFP,0.0,0.0,0.25,0.224,0,
POU2F1,SUPV3L1,EMC7,0.0,0.0,0.19,0.168,0,
POU2F1,WASHC5,GFP,0.0,0.0,0.21,0.188,0,
POU2F1,ABHD10,NBN,0.0,0.0,0.21,0.198,0,
POU2F1,ACTR2,BOP1,0.0,0.0,0.33,0.252,0,
POU2F1,BOP1,MTARC1,0.0,0.0,0.21,0.188,0,
POU2F1,DLAT,EPB41,0.0,0.0,0.21,0.182,0,
POU2F1,DLAT,RUVBL2,0.0,0.0,0.16,0.146,0,
POU2F1,ENO1,BUB3,0.0,0.0,0.13,0.118,0,
POU2F1,ENO1,IBA57,0.0,0.0,0.24,0.204,0,
POU2F1,ENO1,RUVBL2,0.0,0.0,0.13,0.124,0,
POU2F1,GPD2,NCKAP1,0.0,0.0,0.2,0.2,0,
POU2F1,GPD2,STIP1,0.0,0.0,0.19,0.182,0,
POU2F1,HARS2,MYH10,0.0,0.0,0.22,0.214,0,
POU2F1,MRPL12,EMC7,0.0,0.0,0.11,0.1,0,
POU2F1,MRPL12,PRPF19,0.0,0.0,0.16,0.12,0,
POU2F1,MYH10,BUB3,0.0,0.0,0.23,0.222,0,
POU2F1,MYH10,GFP,0.0,0.0,0.25,0.232,0,
POU2F1,MYH9,COX5B,0.0,0.0,0.34,0.302,0,
POU2F1,NCKAP1,ERLIN2,0.0,0.0,0.18,0.174,0,
POU2F1,NCKAP1,KPNA4,0.0,0.0,0.2,0.192,0,
POU2F1,NOP2,STIP1,0.0,0.0,0.2,0.18,0,
POU2F1,OLA1,WASHC5,0.0,0.0,0.21,0.196,0,
POU2F1,PAICS,MYH9,0.0,0.0,0.22,0.21,0,
POU2F1,PAICS,PRPF19,0.0,0.0,0.13,0.124,0,
POU2F1,PYGB,CDC37,0.0,0.0,0.19,0.182,0,
POU2F1,PYGB,NBN,0.0,0.0,0.21,0.192,0,
POU2F1,PYGB,RUVBL2,0.0,0.0,0.21,0.19,0,
POU2F1,RUVBL2,FUS,0.0,0.0,0.16,0.15,0,
POU2F1,RUVBL2,PRPF19,0.0,0.0,0.23,0.186,0,
POU2F1,SEPTIN2,MRPL12,0.0,0.0,0.13,0.112,0,
POU2F1,STIP1,SEC31A,0.0,0.0,0.19,0.192,0,
POU2F1,SUPV3L1,WASHC5,0.0,0.0,0.26,0.242,0,
POU2F1,WASHC5,FUS,0.0,0.0,0.25,0.196,0,
POU2F1,ACTR2,ENO1,0.0,0.0,0.13,0.12,0,
POU2F1,ACTR2,OLA1,0.0,0.0,0.18,0.16,0,
POU2F1,ACTR2,PRPF19,0.0,0.0,0.21,0.176,0,
POU2F1,BOP1,ERLIN2,0.0,0.0,0.15,0.136,0,
POU2F1,BOP1,FUS,0.0,0.0,0.16,0.154,0,
POU2F1,COX5B,BUB3,0.0,0.0,0.19,0.164,0,
POU2F1,COX5B,POU2F1,0.0,0.0,0.26,0.22,0,
POU2F1,DLAT,NBN,0.0,0.0,0.25,0.206,0,
POU2F1,ENO1,COX5B,0.0,0.0,0.18,0.152,0,
POU2F1,ENO1,MYH9,0.0,0.0,0.22,0.212,0,
POU2F1,EPB41,ACTN4,0.0,0.0,0.25,0.186,0,
POU2F1,EPB41,WASHC5,0.0,0.0,0.27,0.222,0,
POU2F1,FUS,PRPF19,0.0,0.0,0.18,0.162,0,
POU2F1,GPD2,CDK12,0.0,0.0,0.33,0.244,0,
POU2F1,GPD2,COX5B,0.0,0.0,0.21,0.202,0,
POU2F1,GPD2,POU2F1,0.0,0.0,0.2,0.18,0,
POU2F1,GPD2,SEC31A,0.0,0.0,0.22,0.208,0,
POU2F1,GPD2,SUPV3L1,0.0,0.0,0.19,0.18,0,
POU2F1,IBA57,NBN,0.0,0.0,0.2,0.188,0,
POU2F1,IBA57,SUPV3L1,0.0,0.0,0.18,0.176,0,
POU2F1,LSS,NCKAP1,0.0,0.0,0.21,0.196,0,
POU2F1,LSS,RUVBL2,0.0,0.0,0.17,0.168,0,
POU2F1,MRPL12,EPB41,0.0,0.0,0.2,0.178,0,
POU2F1,MRPL12,LSS,0.0,0.0,0.21,0.184,0,
POU2F1,MRPL12,PAICS,0.0,0.0,0.12,0.114,0,
POU2F1,MRPL12,WASHC5,0.0,0.0,0.21,0.17,0,
POU2F1,MTARC1,SEC31A,0.0,0.0,0.21,0.184,0,
POU2F1,MYH9,ERLIN1,0.0,0.0,0.22,0.21,0,
POU2F1,OLA1,ABHD10,0.0,0.0,0.18,0.16,0,
POU2F1,OLA1,ACTN4,0.0,0.0,0.2,0.158,0,
POU2F1,OLA1,MTARC1,0.0,0.0,0.17,0.164,0,
POU2F1,PAICS,MTARC1,0.0,0.0,0.14,0.13,0,
POU2F1,PAICS,POU2F1,0.0,0.0,0.15,0.142,0,
POU2F1,PAICS,STIP1,0.0,0.0,0.14,0.136,0,
POU2F1,PSPC1,MYH9,0.0,0.0,0.25,0.22,0,
POU2F1,SAMM50,KPNA4,0.0,0.0,0.21,0.18,0,
POU2F1,SEPTIN2,ABHD10,0.0,0.0,0.17,0.142,0,
POU2F1,ACTR2,GFP,0.0,0.0,0.18,0.164,0,
POU2F1,ACTR2,RUVBL2,0.0,0.0,0.14,0.132,0,
POU2F1,BUB3,GFP,0.0,0.0,0.34,0.188,0,
POU2F1,DLAT,NCKAP1,0.0,0.0,0.2,0.188,0,
POU2F1,EMC7,SETD1A,0.0,0.0,0.22,0.208,0,
POU2F1,EPB41,ABHD10,0.0,0.0,0.23,0.204,0,
POU2F1,ERLIN1,FUS,0.0,0.0,0.13,0.122,0,
POU2F1,ERLIN2,BUB3,0.0,0.0,0.13,0.11,0,
POU2F1,GPD2,BOP1,0.0,0.0,0.21,0.178,0,
POU2F1,GPD2,EMC7,0.0,0.0,0.2,0.172,0,
POU2F1,GPD2,FUS,0.0,0.0,0.23,0.19,0,
POU2F1,GPD2,MTARC1,0.0,0.0,0.19,0.17,0,
POU2F1,GPD2,SAMM50,0.0,0.0,0.22,0.198,0,
POU2F1,HARS2,FUS,0.0,0.0,0.3,0.186,0,
POU2F1,HARS2,PAICS,0.0,0.0,0.15,0.136,0,
POU2F1,IBA57,ERLIN1,0.0,0.0,0.15,0.136,0,
POU2F1,IBA57,WASHC5,0.0,0.0,0.22,0.204,0,
POU2F1,LSS,CDC37,0.0,0.0,0.17,0.164,0,
POU2F1,MYH10,EMC7,0.0,0.0,0.3,0.272,0,
POU2F1,MYH10,MTARC1,0.0,0.0,0.23,0.218,0,
POU2F1,MYH9,FUS,0.0,0.0,0.27,0.224,0,
POU2F1,PSPC1,ABHD10,0.0,0.0,0.25,0.178,0,
POU2F1,PYGB,KPNA4,0.0,0.0,0.19,0.18,0,
POU2F1,RUVBL2,BUB3,0.0,0.0,0.13,0.122,0,
POU2F1,SAMM50,SEC31A,0.0,0.0,0.23,0.204,0,
POU2F1,SEPTIN2,ACTN4,0.0,0.0,0.24,0.164,0,
POU2F1,SEPTIN2,EPB41,0.0,0.0,0.32,0.27,0,
POU2F1,ABHD10,GPD2,0.0,0.0,0.17,0.156,0,
POU2F1,BOP1,NOP2,0.0,0.0,0.28,0.216,0,
POU2F1,DLAT,PSPC1,0.0,0.0,0.14,0.136,0,
POU2F1,EMC7,BUB3,0.0,0.0,0.24,0.17,0,
POU2F1,ENO1,OLA1,0.0,0.0,0.19,0.15,0,
POU2F1,EPB41,POU2F1,0.0,0.0,0.23,0.198,0,
POU2F1,GPD2,PRPF19,0.0,0.0,0.17,0.166,0,
POU2F1,HARS2,MRPL12,0.0,0.0,0.16,0.136,0,
POU2F1,HARS2,RUVBL2,0.0,0.0,0.15,0.15,0,
POU2F1,IBA57,LSS,0.0,0.0,0.22,0.202,0,
POU2F1,IBA57,PYGB,0.0,0.0,0.22,0.174,0,
POU2F1,IBA57,STIP1,0.0,0.0,0.15,0.14,0,
POU2F1,KPNA4,MTARC1,0.0,0.0,0.21,0.168,0,
POU2F1,LSS,CDK12,0.0,0.0,0.27,0.252,0,
POU2F1,LSS,KPNA4,0.0,0.0,0.17,0.164,0,
POU2F1,LSS,SEC31A,0.0,0.0,0.2,0.192,0,
POU2F1,LSS,SUPV3L1,0.0,0.0,0.19,0.184,0,
POU2F1,MYH10,ERLIN2,0.0,0.0,0.22,0.212,0,
POU2F1,OLA1,ERLIN2,0.0,0.0,0.13,0.118,0,
POU2F1,OLA1,SETD1A,0.0,0.0,0.38,0.252,0,
POU2F1,PAICS,EMC7,0.0,0.0,0.12,0.116,0,
POU2F1,PAICS,MYH10,0.0,0.0,0.22,0.208,0,
POU2F1,PSPC1,PYGB,0.0,0.0,0.19,0.162,0,
POU2F1,RAD50,ERLIN2,0.0,0.0,0.18,0.172,0,
POU2F1,RAD50,RUVBL2,0.0,0.0,0.21,0.196,0,
POU2F1,RUVBL2,SAMM50,0.0,0.0,0.14,0.136,0,
POU2F1,SEPTIN2,ENO1,0.0,0.0,0.13,0.12,0,
POU2F1,SUPV3L1,SETD1A,0.0,0.0,0.45,0.346,0,
PSMA2,EPB41,XPNPEP1,0.0,0.0,0.2,0.182,0,
PSMA2,GNAI3,ACTR2,0.0,0.0,0.15,0.142,0,
PSMA2,GNAI3,PDXDC1,0.0,0.0,0.2,0.176,0,
PSMA2,GNAI3,TXLNA,0.0,0.0,0.21,0.16,0,
PSMA2,GNAS,MRPL12,0.0,0.0,0.22,0.212,0,
PSMA2,IBA57,ATXN2L,0.0,0.0,0.23,0.184,0,
PSMA2,NBN,ALDH1L2,0.0,0.0,0.27,0.222,0,
PSMA2,NUP107,XRN2,0.0,0.0,0.2,0.194,0,
PSMA2,SNRPC,GFP,0.0,0.0,0.16,0.148,0,
PSMA2,SNRPC,XRN2,0.0,0.0,0.21,0.188,0,
PSMA2,TXLNA,PDXDC1,0.0,0.0,0.19,0.16,0,
PSMA2,TXN,STIP1,0.0,0.0,0.27,0.186,0,
PSMA2,XPNPEP1,IBA57,0.0,0.0,0.18,0.174,0,
PSMA2,XPNPEP1,NUP107,0.0,0.0,0.18,0.17,0,
PSMA2,ALDH1L2,EDC3,0.0,0.0,0.2,0.176,0,
PSMA2,CIP2A,GFP,0.0,0.0,0.24,0.2,0,
PSMA2,EDC3,ACTR2,0.0,0.0,0.2,0.194,0,
PSMA2,EDC3,STIP1,0.0,0.0,0.18,0.158,0,
PSMA2,GNAI3,MRPL15,0.0,0.0,0.14,0.134,0,
PSMA2,IBA57,ACTR2,0.0,0.0,0.24,0.208,0,
PSMA2,MARS2,PSMA2,0.0,0.0,0.25,0.208,0,
PSMA2,MRPL12,PDXDC1,0.0,0.0,0.17,0.15,0,
PSMA2,MRPL15,PPP1R10,0.0,0.0,0.17,0.164,0,
PSMA2,MRPL15,PSMA2,0.0,0.0,0.14,0.114,0,
PSMA2,NBN,IBA57,0.0,0.0,0.22,0.18,0,
PSMA2,PPP1R10,GFP,0.0,0.0,0.25,0.236,0,
PSMA2,SGPL1,ALDH1L2,0.0,0.0,0.16,0.158,0,
PSMA2,XPNPEP1,PPP1R10,0.0,0.0,0.26,0.23,0,
PSMA2,XRN2,PPP1R10,0.0,0.0,0.34,0.262,0,
PSMA2,ACTR2,XRN2,0.0,0.0,0.24,0.226,0,
PSMA2,MRPL15,GFP,0.0,0.0,0.15,0.126,0,
PSMA2,MRPL15,XRN2,0.0,0.0,0.23,0.19,0,
PSMA2,PDXDC1,IBA57,0.0,0.0,0.25,0.204,0,
PSMA2,SGPL1,EPB41,0.0,0.0,0.21,0.19,0,
PSMA2,SGPL1,NUP107,0.0,0.0,0.18,0.17,0,
PSMA2,SGPL1,PSMA4,0.0,0.0,0.16,0.142,0,
PSMA2,SGPL1,STIP1,0.0,0.0,0.15,0.15,0,
PSMA2,SNRPC,MARS2,0.0,0.0,0.17,0.154,0,
PSMA2,TXLNA,IBA57,0.0,0.0,0.23,0.174,0,
PSMA2,TXN,ATXN2L,0.0,0.0,0.18,0.162,0,
PSMA2,TXN,TXLNA,0.0,0.0,0.12,0.096,0,
PSMA2,XPNPEP1,XRN2,0.0,0.0,0.18,0.172,0,
PSMA2,EDC3,NUP107,0.0,0.0,0.21,0.176,0,
PSMA2,GNAI3,ASPH,0.0,0.0,0.24,0.212,0,
PSMA2,GNAI3,MRPL12,0.0,0.0,0.24,0.178,0,
PSMA2,GNAS,PSMA4,0.0,0.0,0.27,0.24,0,
PSMA2,GNAS,STIP1,0.0,0.0,0.24,0.208,0,
PSMA2,IBA57,MRPL15,0.0,0.0,0.13,0.124,0,
PSMA2,MARS2,GFP,0.0,0.0,0.21,0.19,0,
PSMA2,MARS2,NBN,0.0,0.0,0.23,0.2,0,
PSMA2,NBN,PSMA2,0.0,0.0,0.29,0.204,0,
PSMA2,NUP107,ASPH,0.0,0.0,0.22,0.204,0,
PSMA2,PDXDC1,ACTR2,0.0,0.0,0.19,0.168,0,
PSMA2,SNRPC,PSMA4,0.0,0.0,0.19,0.168,0,
PSMA2,STIP1,XRN2,0.0,0.0,0.2,0.182,0,
PSMA2,TXLNA,EDC3,0.0,0.0,0.16,0.138,0,
PSMA2,CIP2A,ACTR2,0.0,0.0,0.19,0.176,0,
PSMA2,CIP2A,STIP1,0.0,0.0,0.22,0.194,0,
PSMA2,MARS2,ASPH,0.0,0.0,0.23,0.18,0,
PSMA2,MRPL12,PSMA2,0.0,0.0,0.11,0.098,0,
PSMA2,MRPL12,SAFB,0.0,0.0,0.16,0.152,0,
PSMA2,MRPL12,XRN2,0.0,0.0,0.18,0.164,0,
PSMA2,PSMA4,ACTR2,0.0,0.0,0.16,0.152,0,
PSMA2,SNRPC,ACTR2,0.0,0.0,0.18,0.168,0,
PSMA2,TXLNA,PPIB,0.0,0.0,0.13,0.124,0,
PSMA2,TXLNA,XRN2,0.0,0.0,0.21,0.18,0,
PSMA2,TXN,XRN2,0.0,0.0,0.24,0.204,0,
PSMA2,XPNPEP1,PPIB,0.0,0.0,0.19,0.176,0,
PSMA2,XRN2,PSMA2,0.0,0.0,0.31,0.274,0,
PSMA2,CIP2A,ALDH1L2,0.0,0.0,0.21,0.188,0,
PSMA2,GNAI3,CIP2A,0.0,0.0,0.36,0.23,0,
PSMA2,MARS2,CIP2A,0.0,0.0,0.2,0.194,0,
PSMA2,MRPL12,EPB41,0.0,0.0,0.2,0.178,0,
PSMA2,MRPL12,GFP,0.0,0.0,0.14,0.116,0,
PSMA2,MRPL12,IBA57,0.0,0.0,0.17,0.138,0,
PSMA2,MRPL15,STIP1,0.0,0.0,0.15,0.134,0,
PSMA2,NBN,TXLNA,0.0,0.0,0.14,0.14,0,
PSMA2,PSMA4,ALDH1L2,0.0,0.0,0.19,0.16,0,
PSMA2,SAFB,PSMA2,0.0,0.0,0.19,0.178,0,
PSMA2,SGPL1,MRPL12,0.0,0.0,0.15,0.132,0,
PSMA2,SGPL1,PDXDC1,0.0,0.0,0.15,0.148,0,
PSMA2,SGPL1,TXLNA,0.0,0.0,0.17,0.152,0,
PSMA2,SNRPC,EDC3,0.0,0.0,0.13,0.126,0,
PSMA2,XPNPEP1,MRPL15,0.0,0.0,0.19,0.148,0,
PSMA2,ASPH,STIP1,0.0,0.0,0.17,0.166,0,
PSMA2,CIP2A,IBA57,0.0,0.0,0.19,0.174,0,
PSMA2,IBA57,ASPH,0.0,0.0,0.24,0.198,0,
PSMA2,MRPL15,ATXN2L,0.0,0.0,0.2,0.18,0,
PSMA2,NBN,ATXN2L,0.0,0.0,0.23,0.194,0,
PSMA2,PPIB,PSMA2,0.0,0.0,0.19,0.174,0,
PSMA2,PSMA4,EDC3,0.0,0.0,0.26,0.214,0,
PSMA2,PSMA4,MRPL15,0.0,0.0,0.18,0.136,0,
PSMA2,PSMA4,NUP107,0.0,0.0,0.3,0.232,0,
PSMA2,SGPL1,GNAI3,0.0,0.0,0.14,0.128,0,
PSMA2,SGPL1,GNAS,0.0,0.0,0.2,0.176,0,
PSMA2,SGPL1,PPP1R10,0.0,0.0,0.23,0.21,0,
PSMA2,SGPL1,TXN,0.0,0.0,0.14,0.132,0,
PSMA2,TXLNA,MRPL15,0.0,0.0,0.32,0.18,0,
PSMA2,XPNPEP1,ATXN2L,0.0,0.0,0.3,0.216,0,
PSMA2,CIP2A,NUP107,0.0,0.0,0.19,0.182,0,
PSMA2,MARS2,PSMA4,0.0,0.0,0.23,0.212,0,
PSMA2,MARS2,SAFB,0.0,0.0,0.19,0.178,0,
PSMA2,MRPL12,ALDH1L2,0.0,0.0,0.19,0.158,0,
PSMA2,SAFB,GFP,0.0,0.0,0.44,0.24,0,
PSMA2,SGPL1,IBA57,0.0,0.0,0.19,0.144,0,
PSMA2,SNRPC,SAFB,0.0,0.0,0.18,0.154,0,
PSMA2,STIP1,ATXN2L,0.0,0.0,0.21,0.18,0,
PSMA2,STIP1,PSMA2,0.0,0.0,0.2,0.202,0,
PSMA2,TXLNA,ASPH,0.0,0.0,0.19,0.164,0,
PSMA2,XRN2,GFP,0.0,0.0,0.23,0.194,0,
PSMA2,ACTR2,STIP1,0.0,0.0,0.23,0.212,0,
PSMA2,EDC3,ASPH,0.0,0.0,0.24,0.194,0,
PSMA2,SGPL1,EDC3,0.0,0.0,0.14,0.132,0,
PSMA2,SNRPC,MRPL15,0.0,0.0,0.13,0.116,0,
PSMA2,TXLNA,PSMA2,0.0,0.0,0.15,0.132,0,
PSMA2,TXN,CIP2A,0.0,0.0,0.3,0.206,0,
PSMA2,TXN,MARS2,0.0,0.0,0.26,0.178,0,
PSMA2,XPNPEP1,PSMA2,0.0,0.0,0.26,0.19,0,
PSMA2,ALDH1L2,PSMA2,0.0,0.0,0.2,0.154,0,
PSMA2,ALDH1L2,SAFB,0.0,0.0,0.21,0.196,0,
PSMA2,EDC3,XRN2,0.0,0.0,0.24,0.208,0,
PSMA2,GNAI3,PSMA2,0.0,0.0,0.18,0.152,0,
PSMA2,GNAI3,TXN,0.0,0.0,0.26,0.18,0,
PSMA2,IBA57,XRN2,0.0,0.0,0.2,0.184,0,
PSMA2,MARS2,ALDH1L2,0.0,0.0,0.17,0.162,0,
PSMA2,MARS2,PDXDC1,0.0,0.0,0.18,0.166,0,
PSMA2,MRPL12,NUP107,0.0,0.0,0.19,0.166,0,
PSMA2,PSMA4,NBN,0.0,0.0,0.31,0.242,0,
PSMA2,SNRPC,GNAS,0.0,0.0,0.2,0.186,0,
PSMA2,STIP1,GFP,0.0,0.0,0.15,0.14,0,
PSMA2,TXLNA,ACTR2,0.0,0.0,0.32,0.24,0,
PSMA2,TXLNA,ATXN2L,0.0,0.0,0.16,0.156,0,
PSMA2,ALDH1L2,PDXDC1,0.0,0.0,0.22,0.184,0,
PSMA2,ALDH1L2,STIP1,0.0,0.0,0.18,0.17,0,
PSMA2,CIP2A,MRPL15,0.0,0.0,0.16,0.152,0,
PSMA2,EDC3,XPNPEP1,0.0,0.0,0.2,0.168,0,
PSMA2,EPB41,MRPL15,0.0,0.0,0.24,0.202,0,
PSMA2,GNAI3,GNAS,0.0,0.0,0.25,0.216,0,
PSMA2,MARS2,GNAS,0.0,0.0,0.23,0.186,0,
PSMA2,MRPL12,ACTR2,0.0,0.0,0.23,0.192,0,
PSMA2,PDXDC1,MRPL15,0.0,0.0,0.17,0.156,0,
PSMA2,SGPL1,XRN2,0.0,0.0,0.16,0.162,0,
PSMA2,SNRPC,PDXDC1,0.0,0.0,0.18,0.154,0,
PSMA2,TXLNA,GFP,0.0,0.0,0.16,0.128,0,
PSMA2,GNAI3,MARS2,0.0,0.0,0.21,0.186,0,
PSMA2,GNAS,PSMA2,0.0,0.0,0.26,0.224,0,
PSMA2,IBA57,PSMA2,0.0,0.0,0.22,0.202,0,
PSMA2,MARS2,NUP107,0.0,0.0,0.2,0.186,0,
PSMA2,MRPL12,PSMA4,0.0,0.0,0.13,0.112,0,
PSMA2,SNRPC,ALDH1L2,0.0,0.0,0.22,0.19,0,
PSMA2,SNRPC,TXLNA,0.0,0.0,0.12,0.106,0,
PSMA2,XPNPEP1,ACTR2,0.0,0.0,0.17,0.15,0,
PSMA2,XPNPEP1,ASPH,0.0,0.0,0.18,0.168,0,
PSMA2,XPNPEP1,GFP,0.0,0.0,0.21,0.172,0,
PSMA2,ALDH1L2,NUP107,0.0,0.0,0.2,0.188,0,
PSMA2,CIP2A,XPNPEP1,0.0,0.0,0.21,0.182,0,
PSMA2,GNAI3,GFP,0.0,0.0,0.37,0.206,0,
PSMA2,MARS2,IBA57,0.0,0.0,0.24,0.214,0,
PSMA2,MRPL12,ATXN2L,0.0,0.0,0.18,0.166,0,
PSMA2,NUP107,STIP1,0.0,0.0,0.2,0.178,0,
PSMA2,PDXDC1,NUP107,0.0,0.0,0.21,0.196,0,
PSMA2,PSMA2,GFP,0.0,0.0,0.21,0.176,0,
PSMA2,SAFB,PPIB,0.0,0.0,0.28,0.196,0,
PSMA2,SGPL1,ATXN2L,0.0,0.0,0.22,0.202,0,
PSMA2,SGPL1,MARS2,0.0,0.0,0.15,0.148,0,
PSMA2,SGPL1,PPIB,0.0,0.0,0.14,0.136,0,
PSMA2,SNRPC,NUP107,0.0,0.0,0.17,0.16,0,
PSMA2,TXN,ASPH,0.0,0.0,0.26,0.224,0,
PSMA2,TXN,MRPL12,0.0,0.0,0.13,0.104,0,
PSMA2,TXN,SAFB,0.0,0.0,0.25,0.192,0,
PSMA2,ALDH1L2,ACTR2,0.0,0.0,0.15,0.144,0,
PSMA2,ALDH1L2,GFP,0.0,0.0,0.19,0.158,0,
PSMA2,ALDH1L2,TXLNA,0.0,0.0,0.17,0.158,0,
PSMA2,EDC3,IBA57,0.0,0.0,0.2,0.164,0,
PSMA2,GNAS,GFP,0.0,0.0,0.22,0.208,0,
PSMA2,MARS2,MRPL12,0.0,0.0,0.14,0.13,0,
PSMA2,PDXDC1,PPP1R10,0.0,0.0,0.19,0.184,0,
PSMA2,PDXDC1,PSMA2,0.0,0.0,0.33,0.23,0,
PSMA2,PSMA4,PPIB,0.0,0.0,0.21,0.194,0,
PSMA2,SAFB,MRPL15,0.0,0.0,0.16,0.154,0,
PSMA2,TXLNA,STIP1,0.0,0.0,0.14,0.14,0,
PSMA2,CIP2A,NBN,0.0,0.0,0.25,0.214,0,
PSMA2,CIP2A,XRN2,0.0,0.0,0.19,0.184,0,
PSMA2,GNAI3,ALDH1L2,0.0,0.0,0.18,0.156,0,
PSMA2,MARS2,XPNPEP1,0.0,0.0,0.17,0.164,0,
PSMA2,MRPL12,ASPH,0.0,0.0,0.22,0.194,0,
PSMA2,MRPL12,MRPL15,0.0,0.0,0.1,0.086,0,
PSMA2,MRPL12,PPP1R10,0.0,0.0,0.16,0.142,0,
PSMA2,NUP107,ACTR2,0.0,0.0,0.24,0.202,0,
PSMA2,NUP107,GFP,0.0,0.0,0.39,0.216,0,
PSMA2,PPIB,ACTR2,0.0,0.0,0.21,0.178,0,
PSMA2,SGPL1,MRPL15,0.0,0.0,0.12,0.118,0,
PSMA2,SGPL1,PSMA2,0.0,0.0,0.15,0.13,0,
PSMA2,SGPL1,SNRPC,0.0,0.0,0.19,0.15,0,
PSMA2,TXLNA,EPB41,0.0,0.0,0.16,0.154,0,
PSMA2,TXN,PSMA2,0.0,0.0,0.17,0.154,0,
PSMA2,XPNPEP1,SAFB,0.0,0.0,0.22,0.204,0,
PSMA2,ALDH1L2,PPP1R10,0.0,0.0,0.24,0.206,0,
PSMA2,CIP2A,PSMA4,0.0,0.0,0.21,0.184,0,
PSMA2,GNAI3,NUP107,0.0,0.0,0.24,0.208,0,
PSMA2,GNAS,XPNPEP1,0.0,0.0,0.3,0.246,0,
PSMA2,MARS2,TXLNA,0.0,0.0,0.15,0.146,0,
PSMA2,PDXDC1,GFP,0.0,0.0,0.18,0.164,0,
PSMA2,PDXDC1,XPNPEP1,0.0,0.0,0.19,0.162,0,
PSMA2,SGPL1,ACTR2,0.0,0.0,0.16,0.136,0,
PSMA2,SGPL1,NBN,0.0,0.0,0.22,0.18,0,
PSMA2,SNRPC,PPP1R10,0.0,0.0,0.18,0.16,0,
PSMA2,TXLNA,NUP107,0.0,0.0,0.18,0.166,0,
PSMA2,TXN,EDC3,0.0,0.0,0.2,0.166,0,
PSMA2,TXN,GFP,0.0,0.0,0.17,0.158,0,
PSMA2,TXN,XPNPEP1,0.0,0.0,0.2,0.17,0,
PSMA2,ALDH1L2,IBA57,0.0,0.0,0.16,0.154,0,
PSMA2,ALDH1L2,MRPL15,0.0,0.0,0.22,0.164,0,
PSMA2,CIP2A,PSMA2,0.0,0.0,0.23,0.188,0,
PSMA2,GNAI3,PSMA4,0.0,0.0,0.19,0.164,0,
PSMA2,MARS2,EDC3,0.0,0.0,0.18,0.168,0,
PSMA2,MARS2,MRPL15,0.0,0.0,0.24,0.216,0,
PSMA2,PDXDC1,ATXN2L,0.0,0.0,0.19,0.178,0,
PSMA2,PSMA4,GFP,0.0,0.0,0.2,0.18,0,
PSMA2,PSMA4,STIP1,0.0,0.0,0.21,0.168,0,
PSMA2,SGPL1,CIP2A,0.0,0.0,0.17,0.166,0,
PSMA2,SNRPC,MRPL12,0.0,0.0,0.12,0.104,0,
PSMA2,TXN,ALDH1L2,0.0,0.0,0.24,0.208,0,
PSMA2,TXN,EPB41,0.0,0.0,0.22,0.19,0,
PSMA2,XPNPEP1,STIP1,0.0,0.0,0.17,0.158,0,
PSMA2,ALDH1L2,EPB41,0.0,0.0,0.24,0.202,0,
PSMA2,ALDH1L2,PPIB,0.0,0.0,0.17,0.162,0,
PSMA2,EDC3,PSMA2,0.0,0.0,0.23,0.212,0,
PSMA2,EDC3,SAFB,0.0,0.0,0.19,0.182,0,
PSMA2,EPB41,GFP,0.0,0.0,0.27,0.244,0,
PSMA2,EPB41,IBA57,0.0,0.0,0.24,0.216,0,
PSMA2,NUP107,IBA57,0.0,0.0,0.22,0.202,0,
PSMA2,PDXDC1,STIP1,0.0,0.0,0.2,0.178,0,
PSMA2,SGPL1,GFP,0.0,0.0,0.15,0.122,0,
PSMA2,TXN,ACTR2,0.0,0.0,0.19,0.174,0,
PSMA2,TXN,NUP107,0.0,0.0,0.16,0.154,0,
PSMA2,TXN,PDXDC1,0.0,0.0,0.2,0.184,0,
PSMA2,TXN,PSMA4,0.0,0.0,0.15,0.152,0,
PSMA2,ACTR2,PSMA2,0.0,0.0,0.18,0.146,0,
PSMA2,ALDH1L2,XPNPEP1,0.0,0.0,0.17,0.162,0,
PSMA2,GNAI3,STIP1,0.0,0.0,0.2,0.174,0,
PSMA2,GNAS,MRPL15,0.0,0.0,0.21,0.194,0,
PSMA2,MRPL12,TXLNA,0.0,0.0,0.15,0.138,0,
PSMA2,PPIB,ASPH,0.0,0.0,0.24,0.198,0,
PSMA2,PPIB,MRPL15,0.0,0.0,0.14,0.118,0,
PSMA2,PPIB,NUP107,0.0,0.0,0.18,0.162,0,
PSMA2,PSMA4,TXLNA,0.0,0.0,0.14,0.126,0,
PSMA2,SGPL1,SAFB,0.0,0.0,0.2,0.18,0,
PSMA2,TXLNA,XPNPEP1,0.0,0.0,0.16,0.152,0,
PSMA2,TXN,PPP1R10,0.0,0.0,0.18,0.166,0,
PSMA2,ACTR2,GFP,0.0,0.0,0.18,0.164,0,
PSMA2,ALDH1L2,XRN2,0.0,0.0,0.19,0.184,0,
PSMA2,EDC3,GFP,0.0,0.0,0.19,0.164,0,
PSMA2,GNAI3,XPNPEP1,0.0,0.0,0.19,0.16,0,
PSMA2,GNAS,ACTR2,0.0,0.0,0.3,0.254,0,
PSMA2,IBA57,STIP1,0.0,0.0,0.15,0.14,0,
PSMA2,MARS2,PPIB,0.0,0.0,0.23,0.17,0,
PSMA2,PSMA4,PDXDC1,0.0,0.0,0.22,0.204,0,
PSMA2,SNRPC,GNAI3,0.0,0.0,0.16,0.14,0,
PSMA2,SNRPC,PSMA2,0.0,0.0,0.2,0.164,0,
PSMA2,TXN,GNAS,0.0,0.0,0.27,0.234,0,
PTBP1,ANP32A,PCCA,0.0,0.0,0.19,0.162,0,
PTBP1,ATP5PD,CDC5L,0.0,0.0,0.22,0.146,0,
PTBP1,ATP5PD,PPP1R10,0.0,0.0,0.17,0.15,0,
PTBP1,ATP5PD,SUPT5H,0.0,0.0,0.17,0.156,0,
PTBP1,ATXN2L,HMGB1,0.0,0.0,0.26,0.226,0,
PTBP1,ATXN2L,SF3A3,0.0,0.0,0.28,0.23,0,
PTBP1,CCAR2,SLC3A2,0.0,0.0,0.18,0.168,0,
PTBP1,CDK4,DDX17,0.0,0.0,0.19,0.168,0,
PTBP1,CDK4,SET,0.0,0.0,0.16,0.142,0,
PTBP1,CIZ1,TXN,0.0,0.0,0.25,0.216,0,
PTBP1,DAZAP1,FAM50A,0.0,0.0,0.17,0.138,0,
PTBP1,EDC3,DAZAP1,0.0,0.0,0.27,0.222,0,
PTBP1,EDC3,STIP1,0.0,0.0,0.18,0.158,0,
PTBP1,EPB41,FAM50A,0.0,0.0,0.18,0.158,0,
PTBP1,FUBP1,GFP,0.0,0.0,0.45,0.288,0,
PTBP1,FUBP3,GFP,0.0,0.0,0.28,0.244,0,
PTBP1,FUS,ZNF503,0.0,0.0,0.16,0.146,0,
PTBP1,KHSRP,HMGB1,0.0,0.0,0.21,0.184,0,
PTBP1,KHSRP,PTBP1,0.0,0.0,0.19,0.178,0,
PTBP1,KHSRP,ZNF503,0.0,0.0,0.17,0.158,0,
PTBP1,LUC7L2,PTBP1,0.0,0.0,0.18,0.15,0,
PTBP1,MRPL12,SF3B2,0.0,0.0,0.15,0.144,0,
PTBP1,NASP,PCCA,0.0,0.0,0.21,0.19,0,
PTBP1,NCL,PPP1R10,0.0,0.0,0.21,0.192,0,
PTBP1,NCL,ZBTB33,0.0,0.0,0.17,0.162,0,
PTBP1,PCBP2,DNAJA1,0.0,0.0,0.15,0.128,0,
PTBP1,PCCA,LUC7L2,0.0,0.0,0.17,0.162,0,
PTBP1,PDK1,PCCA,0.0,0.0,0.3,0.246,0,
PTBP1,PDK1,PRDX1,0.0,0.0,0.18,0.144,0,
PTBP1,PPP1R10,PCCA,0.0,0.0,0.23,0.206,0,
PTBP1,PRDX1,PPP1R10,0.0,0.0,0.21,0.194,0,
PTBP1,PRDX1,SF3A3,0.0,0.0,0.13,0.122,0,
PTBP1,PRMT1,ZBTB33,0.0,0.0,0.29,0.242,0,
PTBP1,RAVER1,ANP32A,0.0,0.0,0.23,0.202,0,
PTBP1,RBM4,FUBP3,0.0,0.0,0.22,0.154,0,
PTBP1,RBM4,RBM33,0.0,0.0,0.2,0.18,0,
PTBP1,RPS12,NCL,0.0,0.0,0.17,0.16,0,
PTBP1,SAFB,FUBP3,0.0,0.0,0.19,0.172,0,
PTBP1,SAR1A,DHX15,0.0,0.0,0.35,0.302,0,
PTBP1,SAR1A,PRDX1,0.0,0.0,0.18,0.156,0,
PTBP1,SAR1A,SET,0.0,0.0,0.2,0.174,0,
PTBP1,SAR1A,SRSF11,0.0,0.0,0.26,0.188,0,
PTBP1,SF3B2,FUS,0.0,0.0,0.17,0.16,0,
PTBP1,SFPQ,DHX15,0.0,0.0,0.25,0.192,0,
PTBP1,SFPQ,EDC3,0.0,0.0,0.17,0.15,0,
PTBP1,SFPQ,SAR1A,0.0,0.0,0.18,0.158,0,
PTBP1,SLC3A2,LUC7L2,0.0,0.0,0.17,0.152,0,
PTBP1,SMAP,ATXN2L,0.0,0.0,0.2,0.186,0,
PTBP1,SNRPC,NCL,0.0,0.0,0.17,0.154,0,
PTBP1,SNRPC,SF3A3,0.0,0.0,0.16,0.132,0,
PTBP1,SUGP2,EDC3,0.0,0.0,0.21,0.194,0,
PTBP1,SUGP2,PSPC1,0.0,0.0,0.21,0.19,0,
PTBP1,TXN,EDC3,0.0,0.0,0.21,0.16,0,
PTBP1,TXN,RBM33,0.0,0.0,0.25,0.218,0,
PTBP1,XRN2,CIZ1,0.0,0.0,0.31,0.242,0,
PTBP1,XRN2,DNAJA1,0.0,0.0,0.18,0.176,0,
PTBP1,XRN2,PRMT1,0.0,0.0,0.42,0.264,0,
PTBP1,XRN2,RPS12,0.0,0.0,0.31,0.272,0,
PTBP1,ZBTB33,PTBP1,0.0,0.0,0.18,0.172,0,
PTBP1,ZFR,PCCA,0.0,0.0,0.27,0.25,0,
PTBP1,ANP32A,PRDX1,0.0,0.0,0.17,0.144,0,
PTBP1,ATP5PD,PTBP1,0.0,0.0,0.16,0.126,0,
PTBP1,ATP5PD,SF1,0.0,0.0,0.12,0.114,0,
PTBP1,ATP5PD,XRN2,0.0,0.0,0.2,0.188,0,
PTBP1,ATXN2L,PCCA,0.0,0.0,0.23,0.2,0,
PTBP1,CCAR2,PCCA,0.0,0.0,0.2,0.19,0,
PTBP1,CCAR2,SAR1A,0.0,0.0,0.25,0.208,0,
PTBP1,CDC37,HMGB1,0.0,0.0,0.13,0.112,0,
PTBP1,CIZ1,FAM50A,0.0,0.0,0.26,0.192,0,
PTBP1,EDC3,PTBP1,0.0,0.0,0.19,0.172,0,
PTBP1,EDC3,RPS12,0.0,0.0,0.25,0.21,0,
PTBP1,FUBP1,ZNF503,0.0,0.0,0.16,0.154,0,
PTBP1,FUBP3,LUC7L2,0.0,0.0,0.24,0.18,0,
PTBP1,KHSRP,ATXN2L,0.0,0.0,0.19,0.184,0,
PTBP1,MATR3,DDX17,0.0,0.0,0.23,0.21,0,
PTBP1,MRPL12,DHX15,0.0,0.0,0.24,0.22,0,
PTBP1,MRPL12,SLC3A2,0.0,0.0,0.15,0.146,0,
PTBP1,MRPL12,SRSF11,0.0,0.0,0.12,0.11,0,
PTBP1,NCL,RB1,0.0,0.0,0.23,0.204,0,
PTBP1,NCL,SRSF11,0.0,0.0,0.17,0.154,0,
PTBP1,NONO,CSTB,0.0,0.0,0.21,0.148,0,
PTBP1,NONO,FAM50A,0.0,0.0,0.13,0.126,0,
PTBP1,NONO,FUBP3,0.0,0.0,0.16,0.138,0,
PTBP1,NONO,KHSRP,0.0,0.0,0.17,0.152,0,
PTBP1,NONO,RB1,0.0,0.0,0.17,0.164,0,
PTBP1,PCBP2,ANP32A,0.0,0.0,0.18,0.16,0,
PTBP1,PCBP2,ZNF503,0.0,0.0,0.22,0.172,0,
PTBP1,PCCA,SF3A3,0.0,0.0,0.19,0.184,0,
PTBP1,PPP1R10,PSPC1,0.0,0.0,0.25,0.204,0,
PTBP1,PRMT1,CIZ1,0.0,0.0,0.28,0.258,0,
PTBP1,PRMT1,LUC7L2,0.0,0.0,0.15,0.136,0,
PTBP1,PRMT1,SET,0.0,0.0,0.22,0.154,0,
PTBP1,PSPC1,LUC7L2,0.0,0.0,0.12,0.118,0,
PTBP1,PSPC1,RB1,0.0,0.0,0.2,0.17,0,
PTBP1,PTBP3,DHX15,0.0,0.0,0.19,0.172,0,
PTBP1,PTBP3,SET,0.0,0.0,0.17,0.148,0,
PTBP1,PTBP3,SF3A3,0.0,0.0,0.16,0.142,0,
PTBP1,PTBP3,XRN2,0.0,0.0,0.2,0.19,0,
PTBP1,RAVER1,CCNT1,0.0,0.0,0.2,0.18,0,
PTBP1,RAVER1,DNAJA1,0.0,0.0,0.18,0.154,0,
PTBP1,SAFB,DAZAP1,0.0,0.0,0.17,0.164,0,
PTBP1,SAR1A,PCCA,0.0,0.0,0.26,0.232,0,
PTBP1,SF3B2,DAZAP1,0.0,0.0,0.16,0.154,0,
PTBP1,SF3B2,NCL,0.0,0.0,0.17,0.164,0,
PTBP1,SFPQ,PRDX1,0.0,0.0,0.18,0.156,0,
PTBP1,SNRPC,KHSRP,0.0,0.0,0.18,0.164,0,
PTBP1,STIP1,FAM50A,0.0,0.0,0.17,0.152,0,
PTBP1,STIP1,SLC3A2,0.0,0.0,0.19,0.17,0,
PTBP1,STIP1,ZBTB33,0.0,0.0,0.16,0.154,0,
PTBP1,SUGP2,STIP1,0.0,0.0,0.2,0.19,0,
PTBP1,SUPT5H,RAVER1,0.0,0.0,0.19,0.182,0,
PTBP1,TXN,SLC3A2,0.0,0.0,0.34,0.21,0,
PTBP1,AGAP3,RB1,0.0,0.0,0.21,0.196,0,
PTBP1,ANP32A,DDX17,0.0,0.0,0.24,0.204,0,
PTBP1,ATP5PD,GFP,0.0,0.0,0.18,0.136,0,
PTBP1,ATXN2L,SF1,0.0,0.0,0.18,0.168,0,
PTBP1,CCAR2,SF3B2,0.0,0.0,0.19,0.182,0,
PTBP1,CCNT1,GFP,0.0,0.0,0.21,0.186,0,
PTBP1,CDK4,EDC3,0.0,0.0,0.21,0.202,0,
PTBP1,CIZ1,LUC7L2,0.0,0.0,0.33,0.196,0,
PTBP1,CSTB,SAFB,0.0,0.0,0.26,0.206,0,
PTBP1,DAZAP1,RBM33,0.0,0.0,0.2,0.184,0,
PTBP1,FAM50A,DNAJA1,0.0,0.0,0.16,0.126,0,
PTBP1,FUBP1,FUBP3,0.0,0.0,0.16,0.148,0,
PTBP1,FUBP1,RPS12,0.0,0.0,0.24,0.21,0,
PTBP1,FUBP1,TXN,0.0,0.0,0.2,0.186,0,
PTBP1,FUS,PTBP1,0.0,0.0,0.19,0.164,0,
PTBP1,KHSRP,PPP1R10,0.0,0.0,0.18,0.17,0,
PTBP1,KHSRP,ZBTB33,0.0,0.0,0.17,0.164,0,
PTBP1,MATR3,PDK1,0.0,0.0,0.41,0.28,0,
PTBP1,MRPL12,CSTB,0.0,0.0,0.12,0.096,0,
PTBP1,MRPL12,DNAJA1,0.0,0.0,0.12,0.102,0,
PTBP1,MRPL12,FUBP1,0.0,0.0,0.15,0.134,0,
PTBP1,MRPL12,PCCA,0.0,0.0,0.16,0.144,0,
PTBP1,NASP,TXN,0.0,0.0,0.29,0.246,0,
PTBP1,NCL,LUC7L2,0.0,0.0,0.19,0.156,0,
PTBP1,NCL,SAFB,0.0,0.0,0.19,0.176,0,
PTBP1,NONO,PDK1,0.0,0.0,0.14,0.126,0,
PTBP1,PCBP2,EPB41,0.0,0.0,0.26,0.222,0,
PTBP1,PCCA,U2SURP,0.0,0.0,0.23,0.21,0,
PTBP1,PPP1R10,DAZAP1,0.0,0.0,0.17,0.16,0,
PTBP1,PPP1R10,SF3A3,0.0,0.0,0.2,0.188,0,
PTBP1,PRMT1,PRDX1,0.0,0.0,0.14,0.116,0,
PTBP1,PSPC1,RBM33,0.0,0.0,0.26,0.244,0,
PTBP1,PTBP3,DNAJA1,0.0,0.0,0.15,0.138,0,
PTBP1,PTBP3,NONO,0.0,0.0,0.15,0.132,0,
PTBP1,PTBP3,PSPC1,0.0,0.0,0.14,0.134,0,
PTBP1,PTBP3,SFPQ,0.0,0.0,0.18,0.158,0,
PTBP1,PTBP3,SUPT5H,0.0,0.0,0.22,0.184,0,
PTBP1,RBM4,SF1,0.0,0.0,0.16,0.152,0,
PTBP1,SAFB,GFP,0.0,0.0,0.44,0.24,0,
PTBP1,SAR1A,SAFB,0.0,0.0,0.27,0.208,0,
PTBP1,SET,PRDX1,0.0,0.0,0.16,0.152,0,
PTBP1,SF3B2,CSTB,0.0,0.0,0.3,0.166,0,
PTBP1,SF3B2,SF1,0.0,0.0,0.18,0.166,0,
PTBP1,SFPQ,RAVER1,0.0,0.0,0.16,0.15,0,
PTBP1,SFPQ,STIP1,0.0,0.0,0.16,0.15,0,
PTBP1,SLC3A2,PRDX1,0.0,0.0,0.18,0.156,0,
PTBP1,SLC3A2,SF3A3,0.0,0.0,0.17,0.154,0,
PTBP1,SLC3A2,ZBTB33,0.0,0.0,0.16,0.16,0,
PTBP1,SLC3A2,ZNF503,0.0,0.0,0.17,0.164,0,
PTBP1,SNRPC,LUC7L2,0.0,0.0,0.16,0.134,0,
PTBP1,SNRPC,MRPL12,0.0,0.0,0.12,0.104,0,
PTBP1,SNRPC,PCBP2,0.0,0.0,0.15,0.122,0,
PTBP1,SNRPC,PSPC1,0.0,0.0,0.14,0.118,0,
PTBP1,STIP1,PSPC1,0.0,0.0,0.15,0.138,0,
PTBP1,STIP1,SF3A3,0.0,0.0,0.15,0.142,0,
PTBP1,SUGP2,DAZAP1,0.0,0.0,0.18,0.172,0,
PTBP1,TXN,PTBP1,0.0,0.0,0.19,0.168,0,
PTBP1,TXN,RB1,0.0,0.0,0.22,0.184,0,
PTBP1,XRN2,SF3A3,0.0,0.0,0.21,0.2,0,
PTBP1,ZBTB33,CDC5L,0.0,0.0,0.16,0.154,0,
PTBP1,ZNF503,DAZAP1,0.0,0.0,0.16,0.142,0,
PTBP1,ANP32A,DHX15,0.0,0.0,0.2,0.176,0,
PTBP1,ANP32A,SF3A3,0.0,0.0,0.22,0.178,0,
PTBP1,ATP5PD,SAFB,0.0,0.0,0.25,0.164,0,
PTBP1,ATP5PD,SF3A3,0.0,0.0,0.15,0.13,0,
PTBP1,ATXN2L,FAM50A,0.0,0.0,0.28,0.218,0,
PTBP1,CCAR2,ATP5PD,0.0,0.0,0.16,0.152,0,
PTBP1,CCAR2,CIZ1,0.0,0.0,0.22,0.2,0,
PTBP1,CCAR2,MRPL12,0.0,0.0,0.17,0.16,0,
PTBP1,CDC37,GFP,0.0,0.0,0.17,0.154,0,
PTBP1,CDC5L,PTBP1,0.0,0.0,0.19,0.168,0,
PTBP1,CDK4,ANP32A,0.0,0.0,0.26,0.198,0,
PTBP1,CDK4,CSTB,0.0,0.0,0.24,0.154,0,
PTBP1,CHERP,HMGB1,0.0,0.0,0.23,0.206,0,
PTBP1,CSTB,LUC7L2,0.0,0.0,0.21,0.166,0,
PTBP1,DAZAP1,PTBP1,0.0,0.0,0.15,0.14,0,
PTBP1,DAZAP1,U2SURP,0.0,0.0,0.18,0.174,0,
PTBP1,EDC3,AGAP3,0.0,0.0,0.19,0.184,0,
PTBP1,EDC3,SAFB,0.0,0.0,0.19,0.18,0,
PTBP1,EPB41,GFP,0.0,0.0,0.27,0.244,0,
PTBP1,EPB41,PCCA,0.0,0.0,0.19,0.186,0,
PTBP1,FUBP1,SF1,0.0,0.0,0.18,0.164,0,
PTBP1,FUS,EDC3,0.0,0.0,0.22,0.16,0,
PTBP1,MRPL12,PSPC1,0.0,0.0,0.12,0.112,0,
PTBP1,MRPL12,ZBTB33,0.0,0.0,0.19,0.164,0,
PTBP1,PCBP2,FAM50A,0.0,0.0,0.13,0.118,0,
PTBP1,PCBP2,RBM33,0.0,0.0,0.24,0.212,0,
PTBP1,PDK1,PTBP1,0.0,0.0,0.21,0.174,0,
PTBP1,PRDX1,PCCA,0.0,0.0,0.31,0.222,0,
PTBP1,PRDX1,SRSF11,0.0,0.0,0.2,0.166,0,
PTBP1,PRMT1,CDC5L,0.0,0.0,0.2,0.164,0,
PTBP1,PRMT1,PCBP2,0.0,0.0,0.16,0.154,0,
PTBP1,PTBP3,ANP32A,0.0,0.0,0.18,0.162,0,
PTBP1,PTBP3,CCNT1,0.0,0.0,0.18,0.164,0,
PTBP1,RAVER1,DAZAP1,0.0,0.0,0.18,0.168,0,
PTBP1,RAVER1,PCCA,0.0,0.0,0.18,0.176,0,
PTBP1,RB1,CDC5L,0.0,0.0,0.2,0.184,0,
PTBP1,RPS12,CCNT1,0.0,0.0,0.18,0.164,0,
PTBP1,SAR1A,DNAJA1,0.0,0.0,0.31,0.184,0,
PTBP1,SAR1A,SNRPC,0.0,0.0,0.19,0.16,0,
PTBP1,SET,AGAP3,0.0,0.0,0.18,0.166,0,
PTBP1,SET,SF3B2,0.0,0.0,0.19,0.174,0,
PTBP1,SF3B2,DNAJA1,0.0,0.0,0.27,0.186,0,
PTBP1,SF3B2,PRDX1,0.0,0.0,0.14,0.13,0,
PTBP1,SF3B2,RBM4,0.0,0.0,0.15,0.148,0,
PTBP1,SMAP,LUC7L2,0.0,0.0,0.15,0.128,0,
PTBP1,SMAP,ZNF503,0.0,0.0,0.15,0.13,0,
PTBP1,STIP1,CCNT1,0.0,0.0,0.18,0.166,0,
PTBP1,STIP1,DAZAP1,0.0,0.0,0.16,0.14,0,
PTBP1,SUPT5H,HMGB1,0.0,0.0,0.21,0.182,0,
PTBP1,ZBTB33,PSPC1,0.0,0.0,0.21,0.16,0,
PTBP1,ZFR,ANP32A,0.0,0.0,0.18,0.17,0,
PTBP1,ATP5PD,LUC7L2,0.0,0.0,0.11,0.102,0,
PTBP1,ATP5PD,PSPC1,0.0,0.0,0.12,0.118,0,
PTBP1,ATP5PD,RBM4,0.0,0.0,0.12,0.114,0,
PTBP1,ATP5PD,STIP1,0.0,0.0,0.14,0.128,0,
PTBP1,ATXN2L,RPS12,0.0,0.0,0.35,0.252,0,
PTBP1,CCAR2,FUBP1,0.0,0.0,0.18,0.18,0,
PTBP1,CCAR2,PDK1,0.0,0.0,0.27,0.222,0,
PTBP1,CCAR2,PRDX1,0.0,0.0,0.21,0.168,0,
PTBP1,CCAR2,RPS12,0.0,0.0,0.21,0.176,0,
PTBP1,CDK4,FAM50A,0.0,0.0,0.19,0.148,0,
PTBP1,CSTB,DNAJA1,0.0,0.0,0.14,0.13,0,
PTBP1,EPB41,FUBP3,0.0,0.0,0.2,0.188,0,
PTBP1,EPB41,ZBTB33,0.0,0.0,0.24,0.186,0,
PTBP1,FUBP1,PCCA,0.0,0.0,0.21,0.198,0,
PTBP1,FUBP1,SUPT5H,0.0,0.0,0.18,0.178,0,
PTBP1,FUS,LUC7L2,0.0,0.0,0.15,0.144,0,
PTBP1,FUS,RAVER1,0.0,0.0,0.17,0.152,0,
PTBP1,FUS,SAFB,0.0,0.0,0.17,0.16,0,
PTBP1,HMGB1,GFP,0.0,0.0,0.24,0.172,0,
PTBP1,KHSRP,FUBP3,0.0,0.0,0.16,0.15,0,
PTBP1,KHSRP,RB1,0.0,0.0,0.28,0.22,0,
PTBP1,MATR3,MRPL12,0.0,0.0,0.15,0.148,0,
PTBP1,MATR3,ZBTB33,0.0,0.0,0.23,0.21,0,
PTBP1,MRPL12,SAFB,0.0,0.0,0.16,0.15,0,
PTBP1,NASP,CSTB,0.0,0.0,0.24,0.224,0,
PTBP1,NCL,DHX15,0.0,0.0,0.2,0.18,0,
PTBP1,NONO,EDC3,0.0,0.0,0.2,0.146,0,
PTBP1,NONO,ZBTB33,0.0,0.0,0.17,0.148,0,
PTBP1,PCBP2,KHSRP,0.0,0.0,0.2,0.178,0,
PTBP1,PCBP2,SF1,0.0,0.0,0.15,0.148,0,
PTBP1,PCBP2,SF3B2,0.0,0.0,0.27,0.178,0,
PTBP1,PCCA,FAM50A,0.0,0.0,0.18,0.17,0,
PTBP1,PCCA,GFP,0.0,0.0,0.21,0.2,0,
PTBP1,PDK1,CDC5L,0.0,0.0,0.19,0.17,0,
PTBP1,PRDX1,DHX15,0.0,0.0,0.24,0.166,0,
PTBP1,PRMT1,U2SURP,0.0,0.0,0.3,0.214,0,
PTBP1,PSPC1,PCCA,0.0,0.0,0.18,0.166,0,
PTBP1,PTBP3,HMGB1,0.0,0.0,0.12,0.12,0,
PTBP1,PTBP3,SAR1A,0.0,0.0,0.21,0.188,0,
PTBP1,RAVER1,DDX17,0.0,0.0,0.26,0.206,0,
PTBP1,RAVER1,ZBTB33,0.0,0.0,0.19,0.18,0,
PTBP1,RBM4,RB1,0.0,0.0,0.19,0.18,0,
PTBP1,RPS12,RBM33,0.0,0.0,0.36,0.276,0,
PTBP1,RPS12,ZNF503,0.0,0.0,0.37,0.234,0,
PTBP1,SAR1A,DDX17,0.0,0.0,0.27,0.232,0,
PTBP1,SAR1A,PSPC1,0.0,0.0,0.16,0.13,0,
PTBP1,SAR1A,ZBTB33,0.0,0.0,0.26,0.236,0,
PTBP1,SET,DHX15,0.0,0.0,0.19,0.16,0,
PTBP1,SF3B2,KHSRP,0.0,0.0,0.18,0.168,0,
PTBP1,SF3B2,RB1,0.0,0.0,0.22,0.19,0,
PTBP1,SFPQ,SUGP2,0.0,0.0,0.21,0.184,0,
PTBP1,SLC3A2,PSPC1,0.0,0.0,0.15,0.142,0,
PTBP1,SMAP,SLC3A2,0.0,0.0,0.15,0.148,0,
PTBP1,SNRPC,EDC3,0.0,0.0,0.13,0.126,0,
PTBP1,SNRPC,PRDX1,0.0,0.0,0.17,0.128,0,
PTBP1,STIP1,DNAJA1,0.0,0.0,0.17,0.152,0,
PTBP1,SUPT5H,SLC3A2,0.0,0.0,0.18,0.176,0,
PTBP1,XRN2,FUS,0.0,0.0,0.28,0.216,0,
PTBP1,XRN2,SLC3A2,0.0,0.0,0.21,0.184,0,
PTBP1,ZFR,CDC37,0.0,0.0,0.22,0.198,0,
PTBP1,ANP32A,U2SURP,0.0,0.0,0.2,0.172,0,
PTBP1,ATP5PD,CHERP,0.0,0.0,0.17,0.156,0,
PTBP1,ATP5PD,EPB41,0.0,0.0,0.19,0.16,0,
PTBP1,ATP5PD,MRPL12,0.0,0.0,0.12,0.084,0,
PTBP1,ATP5PD,PCBP2,0.0,0.0,0.15,0.124,0,
PTBP1,ATP5PD,RAVER1,0.0,0.0,0.18,0.146,0,
PTBP1,ATXN2L,ANP32A,0.0,0.0,0.19,0.168,0,
PTBP1,CCAR2,LUC7L2,0.0,0.0,0.18,0.172,0,
PTBP1,CCNT1,DNAJA1,0.0,0.0,0.21,0.17,0,
PTBP1,CCNT1,HMGB1,0.0,0.0,0.15,0.146,0,
PTBP1,CCNT1,SAFB,0.0,0.0,0.29,0.212,0,
PTBP1,CDK4,SAFB,0.0,0.0,0.21,0.19,0,
PTBP1,CIZ1,FUS,0.0,0.0,0.18,0.176,0,
PTBP1,CIZ1,STIP1,0.0,0.0,0.21,0.18,0,
PTBP1,CSTB,ATXN2L,0.0,0.0,0.18,0.16,0,
PTBP1,CSTB,CHERP,0.0,0.0,0.22,0.198,0,
PTBP1,DDX17,FAM50A,0.0,0.0,0.21,0.166,0,
PTBP1,DDX17,GFP,0.0,0.0,0.19,0.172,0,
PTBP1,DDX17,PSPC1,0.0,0.0,0.24,0.204,0,
PTBP1,EDC3,CDC37,0.0,0.0,0.18,0.144,0,
PTBP1,EPB41,DAZAP1,0.0,0.0,0.18,0.174,0,
PTBP1,EPB41,DNAJA1,0.0,0.0,0.27,0.2,0,
PTBP1,KHSRP,RPS12,0.0,0.0,0.39,0.338,0,
PTBP1,MATR3,FAM50A,0.0,0.0,0.26,0.182,0,
PTBP1,MATR3,SLC3A2,0.0,0.0,0.17,0.168,0,
PTBP1,MRPL12,NCL,0.0,0.0,0.17,0.14,0,
PTBP1,NCL,CHERP,0.0,0.0,0.2,0.184,0,
PTBP1,NCL,SF1,0.0,0.0,0.2,0.168,0,
PTBP1,NONO,EPB41,0.0,0.0,0.19,0.162,0,
PTBP1,NONO,TXN,0.0,0.0,0.15,0.134,0,
PTBP1,PCBP2,SUPT5H,0.0,0.0,0.23,0.186,0,
PTBP1,PDK1,DDX17,0.0,0.0,0.18,0.166,0,
PTBP1,PDK1,STIP1,0.0,0.0,0.17,0.164,0,
PTBP1,PRDX1,DNAJA1,0.0,0.0,0.14,0.122,0,
PTBP1,PRDX1,PSPC1,0.0,0.0,0.23,0.16,0,
PTBP1,PRMT1,ANP32A,0.0,0.0,0.19,0.162,0,
PTBP1,PTBP3,EPB41,0.0,0.0,0.19,0.184,0,
PTBP1,PTBP3,FUBP1,0.0,0.0,0.18,0.166,0,
PTBP1,PTBP3,MRPL12,0.0,0.0,0.15,0.134,0,
PTBP1,PTBP3,STIP1,0.0,0.0,0.16,0.152,0,
PTBP1,PTBP3,U2SURP,0.0,0.0,0.19,0.188,0,
PTBP1,RAVER1,RPS12,0.0,0.0,0.32,0.254,0,
PTBP1,RBM4,AGAP3,0.0,0.0,0.18,0.178,0,
PTBP1,RBM4,RPS12,0.0,0.0,0.22,0.188,0,
PTBP1,RBM4,SLC3A2,0.0,0.0,0.18,0.16,0,
PTBP1,RPS12,DHX15,0.0,0.0,0.19,0.152,0,
PTBP1,RPS12,PCCA,0.0,0.0,0.26,0.23,0,
PTBP1,SAFB,AGAP3,0.0,0.0,0.2,0.192,0,
PTBP1,SET,PSPC1,0.0,0.0,0.12,0.114,0,
PTBP1,SF3A3,CDC5L,0.0,0.0,0.18,0.162,0,
PTBP1,SFPQ,DDX17,0.0,0.0,0.25,0.232,0,
PTBP1,SFPQ,DNAJA1,0.0,0.0,0.27,0.18,0,
PTBP1,SFPQ,SF3A3,0.0,0.0,0.16,0.15,0,
PTBP1,SLC3A2,AGAP3,0.0,0.0,0.18,0.172,0,
PTBP1,SMAP,KHSRP,0.0,0.0,0.15,0.142,0,
PTBP1,SNRPC,CDK4,0.0,0.0,0.16,0.146,0,
PTBP1,SNRPC,FUBP1,0.0,0.0,0.18,0.148,0,
PTBP1,SNRPC,SRSF11,0.0,0.0,0.14,0.128,0,
PTBP1,SUGP2,CDK4,0.0,0.0,0.26,0.224,0,
PTBP1,SUPT5H,ZNF503,0.0,0.0,0.19,0.18,0,
PTBP1,TXN,CCNT1,0.0,0.0,0.23,0.186,0,
PTBP1,TXN,PPP1R10,0.0,0.0,0.18,0.166,0,
PTBP1,XRN2,FUBP1,0.0,0.0,0.3,0.26,0,
PTBP1,XRN2,TXN,0.0,0.0,0.24,0.204,0,
PTBP1,ZBTB33,PCCA,0.0,0.0,0.18,0.172,0,
PTBP1,ZBTB33,PRDX1,0.0,0.0,0.2,0.18,0,
PTBP1,AGAP3,GFP,0.0,0.0,0.25,0.224,0,
PTBP1,ANP32A,RB1,0.0,0.0,0.18,0.164,0,
PTBP1,ATP5PD,ANP32A,0.0,0.0,0.15,0.126,0,
PTBP1,ATP5PD,CCNT1,0.0,0.0,0.2,0.162,0,
PTBP1,ATP5PD,NCL,0.0,0.0,0.19,0.164,0,
PTBP1,ATP5PD,SAR1A,0.0,0.0,0.14,0.13,0,
PTBP1,CCAR2,FAM50A,0.0,0.0,0.2,0.182,0,
PTBP1,CCAR2,STIP1,0.0,0.0,0.18,0.172,0,
PTBP1,CCAR2,ZNF503,0.0,0.0,0.19,0.18,0,
PTBP1,CDK4,PTBP1,0.0,0.0,0.21,0.176,0,
PTBP1,CDK4,RBM4,0.0,0.0,0.24,0.192,0,
PTBP1,CDK4,SF1,0.0,0.0,0.2,0.176,0,
PTBP1,CIZ1,NCL,0.0,0.0,0.19,0.182,0,
PTBP1,CSTB,PSPC1,0.0,0.0,0.14,0.124,0,
PTBP1,CSTB,RBM4,0.0,0.0,0.25,0.186,0,
PTBP1,DAZAP1,GFP,0.0,0.0,0.29,0.19,0,
PTBP1,DAZAP1,RB1,0.0,0.0,0.18,0.168,0,
PTBP1,DNAJA1,PTBP1,0.0,0.0,0.14,0.136,0,
PTBP1,EDC3,DHX15,0.0,0.0,0.31,0.22,0,
PTBP1,EPB41,TXN,0.0,0.0,0.27,0.19,0,
PTBP1,FUBP1,PRDX1,0.0,0.0,0.25,0.224,0,
PTBP1,FUS,SF1,0.0,0.0,0.21,0.158,0,
PTBP1,FUS,STIP1,0.0,0.0,0.15,0.146,0,
PTBP1,KHSRP,SAFB,0.0,0.0,0.19,0.176,0,
PTBP1,KHSRP,SF1,0.0,0.0,0.18,0.168,0,
PTBP1,MATR3,LUC7L2,0.0,0.0,0.17,0.16,0,
PTBP1,MATR3,RPS12,0.0,0.0,0.29,0.224,0,
PTBP1,MATR3,SAR1A,0.0,0.0,0.23,0.224,0,
PTBP1,MRPL12,CIZ1,0.0,0.0,0.16,0.152,0,
PTBP1,MRPL12,DDX17,0.0,0.0,0.17,0.152,0,
PTBP1,MRPL12,TXN,0.0,0.0,0.13,0.106,0,
PTBP1,NONO,RAVER1,0.0,0.0,0.14,0.14,0,
PTBP1,NONO,RBM33,0.0,0.0,0.28,0.226,0,
PTBP1,PCBP2,RB1,0.0,0.0,0.2,0.184,0,
PTBP1,PDK1,CDC37,0.0,0.0,0.18,0.164,0,
PTBP1,PPP1R10,SRSF11,0.0,0.0,0.17,0.156,0,
PTBP1,PRMT1,PSPC1,0.0,0.0,0.17,0.17,0,
PTBP1,PSPC1,HMGB1,0.0,0.0,0.12,0.11,0,
PTBP1,PTBP3,RPS12,0.0,0.0,0.18,0.158,0,
PTBP1,RAVER1,ZNF503,0.0,0.0,0.18,0.166,0,
PTBP1,RB1,DNAJA1,0.0,0.0,0.18,0.174,0,
PTBP1,RB1,HMGB1,0.0,0.0,0.21,0.19,0,
PTBP1,RBM4,ZBTB33,0.0,0.0,0.18,0.162,0,
PTBP1,RPS12,AGAP3,0.0,0.0,0.27,0.212,0,
PTBP1,SAFB,SF3A3,0.0,0.0,0.17,0.162,0,
PTBP1,SAR1A,NCL,0.0,0.0,0.26,0.198,0,
PTBP1,SET,GFP,0.0,0.0,0.19,0.148,0,
PTBP1,SET,SLC3A2,0.0,0.0,0.19,0.162,0,
PTBP1,SF1,PTBP1,0.0,0.0,0.19,0.176,0,
PTBP1,SF1,ZNF503,0.0,0.0,0.19,0.158,0,
PTBP1,SF3B2,CDC5L,0.0,0.0,0.19,0.184,0,
PTBP1,SF3B2,GFP,0.0,0.0,0.23,0.17,0,
PTBP1,SFPQ,CDC37,0.0,0.0,0.15,0.142,0,
PTBP1,SFPQ,FUBP3,0.0,0.0,0.16,0.15,0,
PTBP1,SMAP,PPP1R10,0.0,0.0,0.18,0.162,0,
PTBP1,SNRPC,ZBTB33,0.0,0.0,0.2,0.19,0,
PTBP1,SRSF11,GFP,0.0,0.0,0.17,0.15,0,
PTBP1,STIP1,PCCA,0.0,0.0,0.17,0.162,0,
PTBP1,SUGP2,TXN,0.0,0.0,0.23,0.198,0,
PTBP1,TXN,LUC7L2,0.0,0.0,0.21,0.148,0,
PTBP1,XRN2,RAVER1,0.0,0.0,0.19,0.186,0,
PTBP1,XRN2,STIP1,0.0,0.0,0.24,0.192,0,
PTBP1,ZNF503,FUBP3,0.0,0.0,0.16,0.148,0,
PTBP1,ANP32A,ZNF503,0.0,0.0,0.22,0.182,0,
PTBP1,ATP5PD,PRDX1,0.0,0.0,0.14,0.11,0,
PTBP1,ATP5PD,SF3B2,0.0,0.0,0.23,0.186,0,
PTBP1,ATP5PD,SRSF11,0.0,0.0,0.13,0.108,0,
PTBP1,CCAR2,PPP1R10,0.0,0.0,0.19,0.188,0,
PTBP1,CCAR2,SF3A3,0.0,0.0,0.19,0.174,0,
PTBP1,CCAR2,ZBTB33,0.0,0.0,0.22,0.192,0,
PTBP1,CDK4,AGAP3,0.0,0.0,0.35,0.25,0,
PTBP1,CDK4,RB1,0.0,0.0,0.23,0.202,0,
PTBP1,CSTB,RB1,0.0,0.0,0.26,0.198,0,
PTBP1,CSTB,SF3A3,0.0,0.0,0.18,0.154,0,
PTBP1,DAZAP1,CDC5L,0.0,0.0,0.14,0.14,0,
PTBP1,DAZAP1,FUBP3,0.0,0.0,0.16,0.142,0,
PTBP1,DAZAP1,HMGB1,0.0,0.0,0.14,0.126,0,
PTBP1,DAZAP1,SF3A3,0.0,0.0,0.15,0.14,0,
PTBP1,EDC3,HMGB1,0.0,0.0,0.23,0.182,0,
PTBP1,EDC3,RB1,0.0,0.0,0.19,0.174,0,
PTBP1,FUS,AGAP3,0.0,0.0,0.18,0.174,0,
PTBP1,FUS,CCNT1,0.0,0.0,0.18,0.17,0,
PTBP1,MATR3,DHX15,0.0,0.0,0.37,0.306,0,
PTBP1,MATR3,NCL,0.0,0.0,0.2,0.178,0,
PTBP1,MATR3,PRDX1,0.0,0.0,0.2,0.184,0,
PTBP1,MATR3,RAVER1,0.0,0.0,0.2,0.18,0,
PTBP1,MATR3,SAFB,0.0,0.0,0.18,0.178,0,
PTBP1,MRPL12,CHERP,0.0,0.0,0.22,0.188,0,
PTBP1,MRPL12,FUBP3,0.0,0.0,0.13,0.118,0,
PTBP1,MRPL12,RAVER1,0.0,0.0,0.18,0.152,0,
PTBP1,NONO,CCNT1,0.0,0.0,0.15,0.142,0,
PTBP1,NONO,STIP1,0.0,0.0,0.14,0.136,0,
PTBP1,PCBP2,CDK4,0.0,0.0,0.15,0.138,0,
PTBP1,PCBP2,CSTB,0.0,0.0,0.27,0.202,0,
PTBP1,PCBP2,RPS12,0.0,0.0,0.24,0.152,0,
PTBP1,PCBP2,SLC3A2,0.0,0.0,0.17,0.162,0,
PTBP1,PDK1,ANP32A,0.0,0.0,0.2,0.172,0,
PTBP1,PRDX1,DDX17,0.0,0.0,0.23,0.194,0,
PTBP1,PRMT1,FUBP3,0.0,0.0,0.26,0.22,0,
PTBP1,PSPC1,DNAJA1,0.0,0.0,0.21,0.154,0,
PTBP1,PTBP3,PRDX1,0.0,0.0,0.23,0.192,0,
PTBP1,RAVER1,SAFB,0.0,0.0,0.21,0.182,0,
PTBP1,RPS12,DNAJA1,0.0,0.0,0.16,0.126,0,
PTBP1,SAR1A,CIZ1,0.0,0.0,0.32,0.252,0,
PTBP1,SAR1A,HMGB1,0.0,0.0,0.15,0.13,0,
PTBP1,SET,ZFR,0.0,0.0,0.21,0.184,0,
PTBP1,SF3A3,GFP,0.0,0.0,0.15,0.138,0,
PTBP1,SFPQ,AGAP3,0.0,0.0,0.2,0.19,0,
PTBP1,SFPQ,NCL,0.0,0.0,0.17,0.158,0,
PTBP1,SFPQ,U2SURP,0.0,0.0,0.23,0.194,0,
PTBP1,SLC3A2,PPP1R10,0.0,0.0,0.19,0.18,0,
PTBP1,SLC3A2,PTBP1,0.0,0.0,0.18,0.17,0,
PTBP1,SNRPC,DHX15,0.0,0.0,0.21,0.186,0,
PTBP1,SNRPC,DNAJA1,0.0,0.0,0.13,0.106,0,
PTBP1,SNRPC,PCCA,0.0,0.0,0.18,0.154,0,
PTBP1,SNRPC,RB1,0.0,0.0,0.2,0.168,0,
PTBP1,STIP1,DDX17,0.0,0.0,0.19,0.178,0,
PTBP1,SUPT5H,ANP32A,0.0,0.0,0.25,0.208,0,
PTBP1,SUPT5H,GFP,0.0,0.0,0.34,0.226,0,
PTBP1,TXN,NCL,0.0,0.0,0.25,0.17,0,
PTBP1,XRN2,PCBP2,0.0,0.0,0.22,0.194,0,
PTBP1,XRN2,PTBP1,0.0,0.0,0.2,0.188,0,
PTBP1,XRN2,SMAP,0.0,0.0,0.23,0.216,0,
PTBP1,ZBTB33,DHX15,0.0,0.0,0.23,0.212,0,
PTBP1,ZBTB33,DNAJA1,0.0,0.0,0.24,0.208,0,
PTBP1,ZNF503,HMGB1,0.0,0.0,0.21,0.164,0,
PTBP1,AGAP3,DNAJA1,0.0,0.0,0.18,0.16,0,
PTBP1,ANP32A,AGAP3,0.0,0.0,0.23,0.196,0,
PTBP1,ATP5PD,AGAP3,0.0,0.0,0.16,0.144,0,
PTBP1,ATP5PD,CDK4,0.0,0.0,0.13,0.118,0,
PTBP1,ATP5PD,DNAJA1,0.0,0.0,0.12,0.102,0,
PTBP1,ATP5PD,KHSRP,0.0,0.0,0.15,0.144,0,
PTBP1,CCAR2,PRMT1,0.0,0.0,0.23,0.2,0,
PTBP1,CCNT1,SRSF11,0.0,0.0,0.19,0.18,0,
PTBP1,CDC37,AGAP3,0.0,0.0,0.17,0.166,0,
PTBP1,CDC37,PCCA,0.0,0.0,0.18,0.178,0,
PTBP1,CDK4,PDK1,0.0,0.0,0.15,0.144,0,
PTBP1,CDK4,SF3A3,0.0,0.0,0.2,0.174,0,
PTBP1,CDK4,SF3B2,0.0,0.0,0.26,0.176,0,
PTBP1,CIZ1,ZBTB33,0.0,0.0,0.21,0.198,0,
PTBP1,CSTB,FUS,0.0,0.0,0.25,0.198,0,
PTBP1,CSTB,HMGB1,0.0,0.0,0.2,0.144,0,
PTBP1,EPB41,PSPC1,0.0,0.0,0.16,0.156,0,
PTBP1,FUBP1,EPB41,0.0,0.0,0.23,0.206,0,
PTBP1,FUBP1,PRMT1,0.0,0.0,0.23,0.2,0,
PTBP1,FUBP1,SF3A3,0.0,0.0,0.16,0.154,0,
PTBP1,FUBP3,HMGB1,0.0,0.0,0.19,0.164,0,
PTBP1,KHSRP,EDC3,0.0,0.0,0.17,0.166,0,
PTBP1,MATR3,FUS,0.0,0.0,0.17,0.164,0,
PTBP1,MRPL12,FUS,0.0,0.0,0.14,0.128,0,
PTBP1,MRPL12,HMGB1,0.0,0.0,0.16,0.132,0,
PTBP1,MRPL12,ZNF503,0.0,0.0,0.14,0.126,0,
PTBP1,NCL,CDC37,0.0,0.0,0.15,0.142,0,
PTBP1,PCBP2,AGAP3,0.0,0.0,0.21,0.198,0,
PTBP1,PCBP2,STIP1,0.0,0.0,0.15,0.14,0,
PTBP1,PCCA,HMGB1,0.0,0.0,0.18,0.158,0,
PTBP1,PCCA,PTBP1,0.0,0.0,0.19,0.188,0,
PTBP1,PCCA,RB1,0.0,0.0,0.2,0.188,0,
PTBP1,PDK1,RB1,0.0,0.0,0.32,0.254,0,
PTBP1,PPP1R10,GFP,0.0,0.0,0.25,0.236,0,
PTBP1,PPP1R10,HMGB1,0.0,0.0,0.22,0.206,0,
PTBP1,PRMT1,PTBP1,0.0,0.0,0.15,0.144,0,
PTBP1,PSPC1,CDC5L,0.0,0.0,0.16,0.146,0,
PTBP1,PTBP3,FUS,0.0,0.0,0.18,0.156,0,
PTBP1,PTBP3,NCL,0.0,0.0,0.17,0.158,0,
PTBP1,RAVER1,CHERP,0.0,0.0,0.17,0.17,0,
PTBP1,RAVER1,NCL,0.0,0.0,0.22,0.178,0,
PTBP1,RBM4,CDC5L,0.0,0.0,0.15,0.14,0,
PTBP1,RBM4,PSPC1,0.0,0.0,0.13,0.124,0,
PTBP1,RPS12,DDX17,0.0,0.0,0.2,0.174,0,
PTBP1,SAR1A,EDC3,0.0,0.0,0.22,0.208,0,
PTBP1,SAR1A,PTBP1,0.0,0.0,0.2,0.186,0,
PTBP1,SET,CDC37,0.0,0.0,0.15,0.146,0,
PTBP1,SET,RAVER1,0.0,0.0,0.18,0.164,0,
PTBP1,SF1,DAZAP1,0.0,0.0,0.2,0.168,0,
PTBP1,SF3B2,FUBP3,0.0,0.0,0.19,0.168,0,
PTBP1,SFPQ,DAZAP1,0.0,0.0,0.15,0.142,0,
PTBP1,SFPQ,FUBP1,0.0,0.0,0.17,0.158,0,
PTBP1,SFPQ,FUS,0.0,0.0,0.16,0.148,0,
PTBP1,SFPQ,RBM4,0.0,0.0,0.22,0.154,0,
PTBP1,SLC3A2,CDC37,0.0,0.0,0.17,0.158,0,
PTBP1,SLC3A2,DHX15,0.0,0.0,0.31,0.228,0,
PTBP1,SLC3A2,FAM50A,0.0,0.0,0.16,0.152,0,
PTBP1,SNRPC,CIZ1,0.0,0.0,0.21,0.19,0,
PTBP1,SNRPC,FAM50A,0.0,0.0,0.15,0.112,0,
PTBP1,SNRPC,FUS,0.0,0.0,0.19,0.154,0,
PTBP1,SUGP2,NCL,0.0,0.0,0.19,0.184,0,
PTBP1,SUGP2,PCCA,0.0,0.0,0.21,0.2,0,
PTBP1,SUPT5H,DAZAP1,0.0,0.0,0.18,0.17,0,
PTBP1,SUPT5H,PSPC1,0.0,0.0,0.2,0.174,0,
PTBP1,XRN2,CCNT1,0.0,0.0,0.21,0.198,0,
PTBP1,AGAP3,CDC5L,0.0,0.0,0.19,0.176,0,
PTBP1,ANP32A,CDC37,0.0,0.0,0.19,0.162,0,
PTBP1,ATP5PD,FAM50A,0.0,0.0,0.11,0.098,0,
PTBP1,ATP5PD,PRMT1,0.0,0.0,0.14,0.128,0,
PTBP1,ATP5PD,RB1,0.0,0.0,0.18,0.174,0,
PTBP1,ATXN2L,LUC7L2,0.0,0.0,0.18,0.174,0,
PTBP1,CCAR2,SMAP,0.0,0.0,0.16,0.152,0,
PTBP1,CDK4,CHERP,0.0,0.0,0.46,0.29,0,
PTBP1,CDK4,SRSF11,0.0,0.0,0.23,0.208,0,
PTBP1,CIZ1,CSTB,0.0,0.0,0.24,0.214,0,
PTBP1,CIZ1,DAZAP1,0.0,0.0,0.19,0.174,0,
PTBP1,CIZ1,PRDX1,0.0,0.0,0.2,0.184,0,
PTBP1,DAZAP1,DNAJA1,0.0,0.0,0.12,0.12,0,
PTBP1,DDX17,HMGB1,0.0,0.0,0.16,0.152,0,
PTBP1,DDX17,RB1,0.0,0.0,0.25,0.208,0,
PTBP1,DHX15,PTBP1,0.0,0.0,0.19,0.174,0,
PTBP1,FAM50A,PTBP1,0.0,0.0,0.17,0.14,0,
PTBP1,FUBP1,ATXN2L,0.0,0.0,0.19,0.18,0,
PTBP1,FUBP1,FAM50A,0.0,0.0,0.18,0.16,0,
PTBP1,FUS,RB1,0.0,0.0,0.2,0.176,0,
PTBP1,FUS,SLC3A2,0.0,0.0,0.17,0.162,0,
PTBP1,KHSRP,TXN,0.0,0.0,0.2,0.186,0,
PTBP1,MATR3,CCAR2,0.0,0.0,0.19,0.186,0,
PTBP1,NCL,U2SURP,0.0,0.0,0.2,0.186,0,
PTBP1,NONO,CHERP,0.0,0.0,0.17,0.158,0,
PTBP1,NONO,HMGB1,0.0,0.0,0.13,0.112,0,
PTBP1,NONO,RPS12,0.0,0.0,0.14,0.106,0,
PTBP1,PRDX1,HMGB1,0.0,0.0,0.13,0.116,0,
PTBP1,PRMT1,DHX15,0.0,0.0,0.17,0.154,0,
PTBP1,PRMT1,SF3A3,0.0,0.0,0.15,0.136,0,
PTBP1,PTBP3,FUBP3,0.0,0.0,0.15,0.146,0,
PTBP1,PTBP3,KHSRP,0.0,0.0,0.18,0.168,0,
PTBP1,RAVER1,DHX15,0.0,0.0,0.33,0.218,0,
PTBP1,RAVER1,GFP,0.0,0.0,0.24,0.206,0,
PTBP1,RBM4,HMGB1,0.0,0.0,0.14,0.128,0,
PTBP1,RBM4,SAFB,0.0,0.0,0.23,0.18,0,
PTBP1,RPS12,PPP1R10,0.0,0.0,0.34,0.25,0,
PTBP1,SAFB,PCCA,0.0,0.0,0.2,0.192,0,
PTBP1,SAR1A,CHERP,0.0,0.0,0.25,0.224,0,
PTBP1,SAR1A,FUS,0.0,0.0,0.24,0.206,0,
PTBP1,SAR1A,NONO,0.0,0.0,0.15,0.132,0,
PTBP1,SF3B2,SAFB,0.0,0.0,0.18,0.174,0,
PTBP1,SFPQ,CDC5L,0.0,0.0,0.21,0.166,0,
PTBP1,SFPQ,FAM50A,0.0,0.0,0.15,0.144,0,
PTBP1,SFPQ,KHSRP,0.0,0.0,0.17,0.166,0,
PTBP1,SFPQ,SLC3A2,0.0,0.0,0.15,0.148,0,
PTBP1,SMAP,AGAP3,0.0,0.0,0.24,0.216,0,
PTBP1,SMAP,FUBP3,0.0,0.0,0.14,0.13,0,
PTBP1,SNRPC,HMGB1,0.0,0.0,0.14,0.122,0,
PTBP1,SNRPC,ZFR,0.0,0.0,0.19,0.172,0,
PTBP1,SUGP2,KHSRP,0.0,0.0,0.2,0.196,0,
PTBP1,SUGP2,SF3A3,0.0,0.0,0.22,0.192,0,
PTBP1,SUGP2,SNRPC,0.0,0.0,0.21,0.188,0,
PTBP1,SUPT5H,FAM50A,0.0,0.0,0.16,0.158,0,
PTBP1,SUPT5H,PRDX1,0.0,0.0,0.28,0.212,0,
PTBP1,TXN,PCCA,0.0,0.0,0.17,0.16,0,
PTBP1,TXN,STIP1,0.0,0.0,0.31,0.192,0,
PTBP1,TXN,U2SURP,0.0,0.0,0.22,0.182,0,
PTBP1,XRN2,CDC37,0.0,0.0,0.23,0.212,0,
PTBP1,XRN2,CDK4,0.0,0.0,0.28,0.218,0,
PTBP1,ZBTB33,U2SURP,0.0,0.0,0.19,0.176,0,
PTBP1,ZNF503,PCCA,0.0,0.0,0.24,0.19,0,
PTBP1,ATP5PD,CIZ1,0.0,0.0,0.18,0.164,0,
PTBP1,ATP5PD,SNRPC,0.0,0.0,0.12,0.094,0,
PTBP1,ATXN2L,PSPC1,0.0,0.0,0.18,0.166,0,
PTBP1,CCAR2,SAFB,0.0,0.0,0.2,0.19,0,
PTBP1,CCNT1,DDX17,0.0,0.0,0.22,0.19,0,
PTBP1,CDC5L,DNAJA1,0.0,0.0,0.23,0.172,0,
PTBP1,CDK4,RAVER1,0.0,0.0,0.2,0.192,0,
PTBP1,DAZAP1,PSPC1,0.0,0.0,0.13,0.128,0,
PTBP1,EPB41,DHX15,0.0,0.0,0.34,0.312,0,
PTBP1,FUBP1,PPP1R10,0.0,0.0,0.18,0.168,0,
PTBP1,FUBP1,RB1,0.0,0.0,0.21,0.192,0,
PTBP1,FUBP1,RBM4,0.0,0.0,0.16,0.15,0,
PTBP1,FUBP3,SF3A3,0.0,0.0,0.15,0.134,0,
PTBP1,FUS,HMGB1,0.0,0.0,0.3,0.206,0,
PTBP1,FUS,PCCA,0.0,0.0,0.19,0.172,0,
PTBP1,MATR3,STIP1,0.0,0.0,0.2,0.174,0,
PTBP1,MRPL12,DAZAP1,0.0,0.0,0.12,0.108,0,
PTBP1,MRPL12,ZFR,0.0,0.0,0.23,0.182,0,
PTBP1,NCL,DNAJA1,0.0,0.0,0.16,0.144,0,
PTBP1,NONO,FUS,0.0,0.0,0.14,0.13,0,
PTBP1,NONO,GFP,0.0,0.0,0.14,0.128,0,
PTBP1,NONO,SUPT5H,0.0,0.0,0.18,0.168,0,
PTBP1,PCCA,DHX15,0.0,0.0,0.29,0.22,0,
PTBP1,PRDX1,FUBP3,0.0,0.0,0.2,0.188,0,
PTBP1,PRMT1,CSTB,0.0,0.0,0.21,0.172,0,
PTBP1,PSPC1,DHX15,0.0,0.0,0.21,0.158,0,
PTBP1,PTBP3,AGAP3,0.0,0.0,0.21,0.188,0,
PTBP1,PTBP3,CHERP,0.0,0.0,0.24,0.198,0,
PTBP1,PTBP3,LUC7L2,0.0,0.0,0.15,0.144,0,
PTBP1,PTBP3,PCCA,0.0,0.0,0.2,0.182,0,
PTBP1,PTBP3,ZBTB33,0.0,0.0,0.18,0.17,0,
PTBP1,RAVER1,AGAP3,0.0,0.0,0.2,0.196,0,
PTBP1,RAVER1,EDC3,0.0,0.0,0.17,0.166,0,
PTBP1,RB1,GFP,0.0,0.0,0.29,0.228,0,
PTBP1,RPS12,SAFB,0.0,0.0,0.31,0.206,0,
PTBP1,SAR1A,CDK4,0.0,0.0,0.17,0.15,0,
PTBP1,SAR1A,RBM4,0.0,0.0,0.2,0.192,0,
PTBP1,SET,RPS12,0.0,0.0,0.22,0.154,0,
PTBP1,SF3A3,DHX15,0.0,0.0,0.21,0.182,0,
PTBP1,SF3B2,EDC3,0.0,0.0,0.21,0.192,0,
PTBP1,SFPQ,CCAR2,0.0,0.0,0.18,0.168,0,
PTBP1,SFPQ,CSTB,0.0,0.0,0.28,0.172,0,
PTBP1,SFPQ,PTBP1,0.0,0.0,0.16,0.15,0,
PTBP1,SFPQ,SUPT5H,0.0,0.0,0.18,0.176,0,
PTBP1,SLC3A2,HMGB1,0.0,0.0,0.16,0.154,0,
PTBP1,SMAP,RAVER1,0.0,0.0,0.18,0.16,0,
PTBP1,SMAP,SAFB,0.0,0.0,0.17,0.158,0,
PTBP1,SNRPC,CDC37,0.0,0.0,0.16,0.132,0,
PTBP1,SNRPC,DDX17,0.0,0.0,0.16,0.162,0,
PTBP1,SNRPC,RBM33,0.0,0.0,0.23,0.206,0,
PTBP1,SRSF11,CDC5L,0.0,0.0,0.17,0.154,0,
PTBP1,STIP1,CDC37,0.0,0.0,0.16,0.14,0,
PTBP1,SUGP2,DDX17,0.0,0.0,0.25,0.224,0,
PTBP1,SUGP2,RBM4,0.0,0.0,0.22,0.2,0,
PTBP1,TXN,DDX17,0.0,0.0,0.23,0.214,0,
PTBP1,XRN2,GFP,0.0,0.0,0.23,0.194,0,
PTBP1,XRN2,PCCA,0.0,0.0,0.21,0.204,0,
PTBP1,ZFR,STIP1,0.0,0.0,0.2,0.176,0,
PTBP1,ZNF503,FAM50A,0.0,0.0,0.17,0.144,0,
PTBP1,ATP5PD,FUS,0.0,0.0,0.12,0.116,0,
PTBP1,ATP5PD,HMGB1,0.0,0.0,0.13,0.112,0,
PTBP1,CCAR2,FUBP3,0.0,0.0,0.18,0.176,0,
PTBP1,CCNT1,PCCA,0.0,0.0,0.21,0.198,0,
PTBP1,CIZ1,SF3B2,0.0,0.0,0.18,0.176,0,
PTBP1,CSTB,PDK1,0.0,0.0,0.25,0.166,0,
PTBP1,DAZAP1,PCCA,0.0,0.0,0.2,0.176,0,
PTBP1,EDC3,PRDX1,0.0,0.0,0.19,0.182,0,
PTBP1,EPB41,AGAP3,0.0,0.0,0.24,0.208,0,
PTBP1,FUBP3,CDC5L,0.0,0.0,0.17,0.158,0,
PTBP1,FUS,CDC5L,0.0,0.0,0.16,0.154,0,
PTBP1,FUS,PRDX1,0.0,0.0,0.2,0.178,0,
PTBP1,FUS,SF3A3,0.0,0.0,0.25,0.158,0,
PTBP1,MATR3,ATP5PD,0.0,0.0,0.25,0.18,0,
PTBP1,MATR3,RBM4,0.0,0.0,0.17,0.164,0,
PTBP1,MRPL12,CDK4,0.0,0.0,0.15,0.132,0,
PTBP1,MRPL12,KHSRP,0.0,0.0,0.15,0.136,0,
PTBP1,MRPL12,NONO,0.0,0.0,0.12,0.11,0,
PTBP1,MRPL12,PTBP1,0.0,0.0,0.16,0.14,0,
PTBP1,MRPL12,RBM4,0.0,0.0,0.1,0.098,0,
PTBP1,NASP,SET,0.0,0.0,0.18,0.156,0,
PTBP1,NCL,PCCA,0.0,0.0,0.18,0.176,0,
PTBP1,NCL,PSPC1,0.0,0.0,0.16,0.148,0,
PTBP1,PCBP2,CIZ1,0.0,0.0,0.21,0.194,0,
PTBP1,PCBP2,EDC3,0.0,0.0,0.22,0.168,0,
PTBP1,PCBP2,GFP,0.0,0.0,0.17,0.164,0,
PTBP1,PCBP2,HMGB1,0.0,0.0,0.11,0.102,0,
PTBP1,PCBP2,ZBTB33,0.0,0.0,0.22,0.188,0,
PTBP1,PCCA,DNAJA1,0.0,0.0,0.3,0.204,0,
PTBP1,PRMT1,CCNT1,0.0,0.0,0.2,0.18,0,
PTBP1,PRMT1,SAFB,0.0,0.0,0.29,0.226,0,
PTBP1,PSPC1,FAM50A,0.0,0.0,0.13,0.12,0,
PTBP1,PTBP3,CSTB,0.0,0.0,0.27,0.194,0,
PTBP1,PTBP3,RB1,0.0,0.0,0.19,0.182,0,
PTBP1,PTBP3,SAFB,0.0,0.0,0.18,0.176,0,
PTBP1,PTBP3,ZNF503,0.0,0.0,0.18,0.16,0,
PTBP1,RAVER1,CDC37,0.0,0.0,0.18,0.164,0,
PTBP1,RAVER1,HMGB1,0.0,0.0,0.18,0.17,0,
PTBP1,SAFB,PRDX1,0.0,0.0,0.58,0.342,0,
PTBP1,SAR1A,FUBP3,0.0,0.0,0.22,0.19,0,
PTBP1,SAR1A,RAVER1,0.0,0.0,0.38,0.292,0,
PTBP1,SAR1A,STIP1,0.0,0.0,0.25,0.22,0,
PTBP1,SAR1A,ZFR,0.0,0.0,0.28,0.226,0,
PTBP1,SF3A3,PTBP1,0.0,0.0,0.16,0.142,0,
PTBP1,SF3B2,AGAP3,0.0,0.0,0.23,0.19,0,
PTBP1,SFPQ,EPB41,0.0,0.0,0.18,0.168,0,
PTBP1,SFPQ,PCBP2,0.0,0.0,0.15,0.142,0,
PTBP1,SFPQ,SET,0.0,0.0,0.15,0.13,0,
PTBP1,SFPQ,XRN2,0.0,0.0,0.18,0.178,0,
PTBP1,SNRPC,SLC3A2,0.0,0.0,0.18,0.164,0,
PTBP1,SUPT5H,FUS,0.0,0.0,0.18,0.17,0,
PTBP1,SUPT5H,PTBP1,0.0,0.0,0.19,0.178,0,
PTBP1,SUPT5H,STIP1,0.0,0.0,0.21,0.182,0,
PTBP1,TLE3,SLC3A2,0.0,0.0,0.19,0.182,0,
PTBP1,TXN,HMGB1,0.0,0.0,0.15,0.124,0,
PTBP1,TXN,PSPC1,0.0,0.0,0.19,0.142,0,
PTBP1,XRN2,CHERP,0.0,0.0,0.28,0.24,0,
PTBP1,ZFR,PSPC1,0.0,0.0,0.25,0.182,0,
PTBP1,ZNF503,PRDX1,0.0,0.0,0.32,0.242,0,
PTBP1,AGAP3,HMGB1,0.0,0.0,0.2,0.17,0,
PTBP1,ATXN2L,SRSF11,0.0,0.0,0.22,0.18,0,
PTBP1,ATXN2L,STIP1,0.0,0.0,0.18,0.172,0,
PTBP1,CCAR2,PSPC1,0.0,0.0,0.18,0.166,0,
PTBP1,CCAR2,TXN,0.0,0.0,0.26,0.21,0,
PTBP1,CDK4,STIP1,0.0,0.0,0.26,0.196,0,
PTBP1,CHERP,LUC7L2,0.0,0.0,0.21,0.198,0,
PTBP1,CIZ1,PPP1R10,0.0,0.0,0.19,0.19,0,
PTBP1,CSTB,FUBP3,0.0,0.0,0.29,0.208,0,
PTBP1,DDX17,DHX15,0.0,0.0,0.3,0.228,0,
PTBP1,EDC3,SF3A3,0.0,0.0,0.16,0.152,0,
PTBP1,EPB41,FUS,0.0,0.0,0.19,0.17,0,
PTBP1,FUBP1,PSPC1,0.0,0.0,0.15,0.146,0,
PTBP1,FUS,FUBP3,0.0,0.0,0.16,0.15,0,
PTBP1,KHSRP,PSPC1,0.0,0.0,0.16,0.152,0,
PTBP1,KHSRP,STIP1,0.0,0.0,0.19,0.166,0,
PTBP1,LUC7L2,DNAJA1,0.0,0.0,0.2,0.142,0,
PTBP1,MATR3,CSTB,0.0,0.0,0.21,0.186,0,
PTBP1,MRPL12,AGAP3,0.0,0.0,0.19,0.164,0,
PTBP1,NASP,EDC3,0.0,0.0,0.22,0.19,0,
PTBP1,NCL,AGAP3,0.0,0.0,0.2,0.184,0,
PTBP1,NCL,SLC3A2,0.0,0.0,0.19,0.172,0,
PTBP1,NONO,LUC7L2,0.0,0.0,0.11,0.11,0,
PTBP1,NONO,PCCA,0.0,0.0,0.16,0.156,0,
PTBP1,NONO,RBM4,0.0,0.0,0.13,0.126,0,
PTBP1,NONO,SF3B2,0.0,0.0,0.18,0.154,0,
PTBP1,PCBP2,PSPC1,0.0,0.0,0.12,0.12,0,
PTBP1,PCBP2,TXN,0.0,0.0,0.16,0.138,0,
PTBP1,PDK1,PPP1R10,0.0,0.0,0.41,0.352,0,
PTBP1,PRDX1,PTBP1,0.0,0.0,0.24,0.19,0,
PTBP1,PTBP3,EDC3,0.0,0.0,0.18,0.166,0,
PTBP1,RAVER1,LUC7L2,0.0,0.0,0.17,0.166,0,
PTBP1,RBM4,PRDX1,0.0,0.0,0.18,0.164,0,
PTBP1,RPS12,PTBP1,0.0,0.0,0.18,0.156,0,
PTBP1,RPS12,SF1,0.0,0.0,0.19,0.146,0,
PTBP1,SAFB,SLC3A2,0.0,0.0,0.19,0.174,0,
PTBP1,SAR1A,DAZAP1,0.0,0.0,0.18,0.16,0,
PTBP1,SAR1A,FAM50A,0.0,0.0,0.22,0.186,0,
PTBP1,SAR1A,RB1,0.0,0.0,0.2,0.196,0,
PTBP1,SAR1A,RPS12,0.0,0.0,0.14,0.128,0,
PTBP1,SF3A3,SRSF11,0.0,0.0,0.15,0.136,0,
PTBP1,SF3B2,PSPC1,0.0,0.0,0.16,0.148,0,
PTBP1,SLC3A2,DAZAP1,0.0,0.0,0.16,0.152,0,
PTBP1,SLC3A2,SRSF11,0.0,0.0,0.17,0.154,0,
PTBP1,SMAP,FUS,0.0,0.0,0.16,0.144,0,
PTBP1,SMAP,RBM33,0.0,0.0,0.2,0.182,0,
PTBP1,SMAP,SF1,0.0,0.0,0.18,0.156,0,
PTBP1,SNRPC,NONO,0.0,0.0,0.13,0.11,0,
PTBP1,SUPT5H,FUBP3,0.0,0.0,0.2,0.182,0,
PTBP1,TXN,DHX15,0.0,0.0,0.23,0.212,0,
PTBP1,ZBTB33,DAZAP1,0.0,0.0,0.21,0.164,0,
PTBP1,AGAP3,SF3A3,0.0,0.0,0.2,0.172,0,
PTBP1,ATP5PD,FUBP1,0.0,0.0,0.14,0.138,0,
PTBP1,ATP5PD,PCCA,0.0,0.0,0.2,0.186,0,
PTBP1,ATXN2L,DHX15,0.0,0.0,0.31,0.278,0,
PTBP1,ATXN2L,PTBP1,0.0,0.0,0.2,0.186,0,
PTBP1,ATXN2L,RBM4,0.0,0.0,0.19,0.17,0,
PTBP1,ATXN2L,SLC3A2,0.0,0.0,0.19,0.18,0,
PTBP1,CCAR2,DAZAP1,0.0,0.0,0.17,0.168,0,
PTBP1,CDK4,DAZAP1,0.0,0.0,0.19,0.154,0,
PTBP1,CDK4,DHX15,0.0,0.0,0.2,0.174,0,
PTBP1,CDK4,PPP1R10,0.0,0.0,0.32,0.242,0,
PTBP1,CDK4,PRDX1,0.0,0.0,0.15,0.132,0,
PTBP1,CDK4,RPS12,0.0,0.0,0.14,0.122,0,
PTBP1,CIZ1,GFP,0.0,0.0,0.25,0.214,0,
PTBP1,CSTB,CDC5L,0.0,0.0,0.13,0.124,0,
PTBP1,CSTB,SLC3A2,0.0,0.0,0.29,0.206,0,
PTBP1,DDX17,CHERP,0.0,0.0,0.22,0.208,0,
PTBP1,DDX17,DNAJA1,0.0,0.0,0.21,0.166,0,
PTBP1,EDC3,ANP32A,0.0,0.0,0.25,0.24,0,
PTBP1,EDC3,CCNT1,0.0,0.0,0.18,0.162,0,
PTBP1,EDC3,CDC5L,0.0,0.0,0.15,0.148,0,
PTBP1,EDC3,FAM50A,0.0,0.0,0.18,0.17,0,
PTBP1,EDC3,FUBP3,0.0,0.0,0.17,0.154,0,
PTBP1,EDC3,SF1,0.0,0.0,0.24,0.174,0,
PTBP1,FUBP1,PCBP2,0.0,0.0,0.25,0.208,0,
PTBP1,FUBP1,SAFB,0.0,0.0,0.18,0.174,0,
PTBP1,FUS,DAZAP1,0.0,0.0,0.15,0.142,0,
PTBP1,FUS,FAM50A,0.0,0.0,0.15,0.138,0,
PTBP1,KHSRP,SLC3A2,0.0,0.0,0.22,0.182,0,
PTBP1,MATR3,CCNT1,0.0,0.0,0.21,0.194,0,
PTBP1,MATR3,CDC37,0.0,0.0,0.23,0.182,0,
PTBP1,MATR3,PCBP2,0.0,0.0,0.18,0.176,0,
PTBP1,NCL,PRDX1,0.0,0.0,0.18,0.16,0,
PTBP1,NONO,CDC5L,0.0,0.0,0.15,0.14,0,
PTBP1,NONO,PCBP2,0.0,0.0,0.13,0.122,0,
PTBP1,NONO,PRDX1,0.0,0.0,0.16,0.14,0,
PTBP1,NONO,PTBP1,0.0,0.0,0.14,0.134,0,
PTBP1,NONO,ZFR,0.0,0.0,0.23,0.174,0,
PTBP1,PCBP2,CDC5L,0.0,0.0,0.15,0.146,0,
PTBP1,PCBP2,RAVER1,0.0,0.0,0.19,0.17,0,
PTBP1,PDK1,ZBTB33,0.0,0.0,0.28,0.21,0,
PTBP1,PRDX1,CHERP,0.0,0.0,0.22,0.18,0,
PTBP1,PRMT1,HMGB1,0.0,0.0,0.18,0.164,0,
PTBP1,PRMT1,SF3B2,0.0,0.0,0.25,0.176,0,
PTBP1,PTBP3,CDC5L,0.0,0.0,0.16,0.152,0,
PTBP1,PTBP3,DAZAP1,0.0,0.0,0.15,0.142,0,
PTBP1,PTBP3,GFP,0.0,0.0,0.16,0.144,0,
PTBP1,RBM4,DAZAP1,0.0,0.0,0.14,0.13,0,
PTBP1,RPS12,CHERP,0.0,0.0,0.26,0.234,0,
PTBP1,RPS12,FAM50A,0.0,0.0,0.25,0.188,0,
PTBP1,RPS12,RB1,0.0,0.0,0.25,0.202,0,
PTBP1,SAR1A,PCBP2,0.0,0.0,0.14,0.128,0,
PTBP1,SET,PCCA,0.0,0.0,0.23,0.184,0,
PTBP1,SF1,GFP,0.0,0.0,0.19,0.162,0,
PTBP1,SF3B2,SLC3A2,0.0,0.0,0.18,0.166,0,
PTBP1,SF3B2,TXN,0.0,0.0,0.19,0.162,0,
PTBP1,SFPQ,GFP,0.0,0.0,0.18,0.15,0,
PTBP1,SLC3A2,U2SURP,0.0,0.0,0.19,0.176,0,
PTBP1,SMAP,CDC5L,0.0,0.0,0.18,0.144,0,
PTBP1,STIP1,ZNF503,0.0,0.0,0.16,0.156,0,
PTBP1,SUGP2,CSTB,0.0,0.0,0.25,0.208,0,
PTBP1,SUGP2,HMGB1,0.0,0.0,0.2,0.186,0,
PTBP1,SUGP2,MRPL12,0.0,0.0,0.23,0.188,0,
PTBP1,SUPT5H,NCL,0.0,0.0,0.19,0.18,0,
PTBP1,TXN,SF3A3,0.0,0.0,0.18,0.146,0,
PTBP1,U2SURP,PTBP1,0.0,0.0,0.21,0.194,0,
PTBP1,XRN2,ANP32A,0.0,0.0,0.23,0.21,0,
PTBP1,ZFR,FUS,0.0,0.0,0.19,0.174,0,
PTBP1,ZFR,RAVER1,0.0,0.0,0.21,0.198,0,
PTBP1,ZNF503,LUC7L2,0.0,0.0,0.19,0.148,0,
PTBP1,ATP5PD,SLC3A2,0.0,0.0,0.18,0.156,0,
PTBP1,ATXN2L,DAZAP1,0.0,0.0,0.24,0.176,0,
PTBP1,ATXN2L,RAVER1,0.0,0.0,0.18,0.174,0,
PTBP1,CCAR2,AGAP3,0.0,0.0,0.2,0.198,0,
PTBP1,CCAR2,CDK4,0.0,0.0,0.22,0.196,0,
PTBP1,CCAR2,SRSF11,0.0,0.0,0.17,0.162,0,
PTBP1,CCNT1,AGAP3,0.0,0.0,0.2,0.19,0,
PTBP1,CDK4,EPB41,0.0,0.0,0.26,0.222,0,
PTBP1,CDK4,LUC7L2,0.0,0.0,0.17,0.156,0,
PTBP1,CSTB,CCNT1,0.0,0.0,0.32,0.216,0,
PTBP1,CSTB,EDC3,0.0,0.0,0.21,0.152,0,
PTBP1,CSTB,PPP1R10,0.0,0.0,0.18,0.154,0,
PTBP1,CSTB,U2SURP,0.0,0.0,0.32,0.26,0,
PTBP1,EDC3,LUC7L2,0.0,0.0,0.16,0.148,0,
PTBP1,FUBP1,CSTB,0.0,0.0,0.27,0.216,0,
PTBP1,FUBP1,NCL,0.0,0.0,0.17,0.162,0,
PTBP1,FUBP1,PDK1,0.0,0.0,0.28,0.258,0,
PTBP1,FUBP3,DHX15,0.0,0.0,0.29,0.258,0,
PTBP1,FUBP3,RBM33,0.0,0.0,0.2,0.19,0,
PTBP1,FUS,DNAJA1,0.0,0.0,0.15,0.136,0,
PTBP1,FUS,PSPC1,0.0,0.0,0.14,0.132,0,
PTBP1,FUS,RBM4,0.0,0.0,0.16,0.142,0,
PTBP1,FUS,TXN,0.0,0.0,0.22,0.17,0,
PTBP1,HMGB1,U2SURP,0.0,0.0,0.2,0.176,0,
PTBP1,MATR3,FUBP3,0.0,0.0,0.18,0.17,0,
PTBP1,MATR3,SET,0.0,0.0,0.26,0.208,0,
PTBP1,MRPL12,GFP,0.0,0.0,0.14,0.118,0,
PTBP1,MRPL12,PCBP2,0.0,0.0,0.14,0.116,0,
PTBP1,NCL,ANP32A,0.0,0.0,0.27,0.224,0,
PTBP1,NCL,CDC5L,0.0,0.0,0.17,0.162,0,
PTBP1,NONO,ATXN2L,0.0,0.0,0.17,0.16,0,
PTBP1,NONO,DDX17,0.0,0.0,0.17,0.146,0,
PTBP1,NONO,DHX15,0.0,0.0,0.17,0.15,0,
PTBP1,PCBP2,CCNT1,0.0,0.0,0.2,0.174,0,
PTBP1,PCBP2,DAZAP1,0.0,0.0,0.17,0.132,0,
PTBP1,PCBP2,DHX15,0.0,0.0,0.17,0.162,0,
PTBP1,PCBP2,RBM4,0.0,0.0,0.15,0.136,0,
PTBP1,PCBP2,U2SURP,0.0,0.0,0.22,0.2,0,
PTBP1,PRDX1,FAM50A,0.0,0.0,0.12,0.116,0,
PTBP1,PRMT1,CDK4,0.0,0.0,0.17,0.142,0,
PTBP1,PRMT1,FAM50A,0.0,0.0,0.16,0.136,0,
PTBP1,PRMT1,RPS12,0.0,0.0,0.17,0.138,0,
PTBP1,RAVER1,FAM50A,0.0,0.0,0.21,0.17,0,
PTBP1,RAVER1,PRDX1,0.0,0.0,0.22,0.202,0,
PTBP1,RPS12,PSPC1,0.0,0.0,0.14,0.11,0,
PTBP1,SAFB,FAM50A,0.0,0.0,0.2,0.176,0,
PTBP1,SAR1A,SF1,0.0,0.0,0.34,0.228,0,
PTBP1,SET,DDX17,0.0,0.0,0.18,0.174,0,
PTBP1,SET,NCL,0.0,0.0,0.23,0.186,0,
PTBP1,SET,PTBP1,0.0,0.0,0.16,0.15,0,
PTBP1,SF3B2,CCNT1,0.0,0.0,0.21,0.188,0,
PTBP1,SF3B2,LUC7L2,0.0,0.0,0.16,0.158,0,
PTBP1,SFPQ,CDK4,0.0,0.0,0.15,0.142,0,
PTBP1,SFPQ,LUC7L2,0.0,0.0,0.17,0.138,0,
PTBP1,SNRPC,SAFB,0.0,0.0,0.18,0.154,0,
PTBP1,STIP1,FUBP3,0.0,0.0,0.2,0.168,0,
PTBP1,STIP1,RB1,0.0,0.0,0.19,0.18,0,
PTBP1,STIP1,SAFB,0.0,0.0,0.24,0.196,0,
PTBP1,TLE3,PRDX1,0.0,0.0,0.28,0.242,0,
PTBP1,TXN,ATXN2L,0.0,0.0,0.18,0.162,0,
PTBP1,XRN2,LUC7L2,0.0,0.0,0.26,0.204,0,
PTBP1,XRN2,MRPL12,0.0,0.0,0.17,0.162,0,
PTBP1,ZFR,PRDX1,0.0,0.0,0.31,0.258,0,
PTBP1,ZNF503,PPP1R10,0.0,0.0,0.19,0.172,0,
PTBP1,ANP32A,PTBP1,0.0,0.0,0.17,0.16,0,
PTBP1,ATP5PD,CSTB,0.0,0.0,0.13,0.12,0,
PTBP1,ATP5PD,DDX17,0.0,0.0,0.17,0.15,0,
PTBP1,ATP5PD,NONO,0.0,0.0,0.11,0.102,0,
PTBP1,ATP5PD,U2SURP,0.0,0.0,0.2,0.172,0,
PTBP1,ATXN2L,FUBP3,0.0,0.0,0.18,0.17,0,
PTBP1,CCAR2,GFP,0.0,0.0,0.24,0.212,0,
PTBP1,CCAR2,RBM4,0.0,0.0,0.18,0.172,0,
PTBP1,CCAR2,XRN2,0.0,0.0,0.22,0.214,0,
PTBP1,CDC37,CDC5L,0.0,0.0,0.18,0.154,0,
PTBP1,CDC37,PSPC1,0.0,0.0,0.13,0.122,0,
PTBP1,CDC5L,GFP,0.0,0.0,0.16,0.146,0,
PTBP1,CDK4,SLC3A2,0.0,0.0,0.21,0.182,0,
PTBP1,CIZ1,SLC3A2,0.0,0.0,0.18,0.17,0,
PTBP1,CSTB,CDC37,0.0,0.0,0.21,0.14,0,
PTBP1,CSTB,DAZAP1,0.0,0.0,0.21,0.168,0,
PTBP1,CSTB,GFP,0.0,0.0,0.17,0.128,0,
PTBP1,CSTB,PCCA,0.0,0.0,0.18,0.16,0,
PTBP1,FUBP1,RBM33,0.0,0.0,0.21,0.192,0,
PTBP1,HMGB1,PTBP1,0.0,0.0,0.2,0.138,0,
PTBP1,KHSRP,AGAP3,0.0,0.0,0.26,0.214,0,
PTBP1,KHSRP,PCCA,0.0,0.0,0.24,0.214,0,
PTBP1,KHSRP,PRDX1,0.0,0.0,0.29,0.26,0,
PTBP1,KHSRP,SF3A3,0.0,0.0,0.16,0.152,0,
PTBP1,KHSRP,SUPT5H,0.0,0.0,0.19,0.184,0,
PTBP1,MATR3,EDC3,0.0,0.0,0.21,0.2,0,
PTBP1,MRPL12,EPB41,0.0,0.0,0.2,0.178,0,
PTBP1,MRPL12,SF1,0.0,0.0,0.14,0.126,0,
PTBP1,NASP,CDK4,0.0,0.0,0.26,0.236,0,
PTBP1,NCL,FAM50A,0.0,0.0,0.18,0.156,0,
PTBP1,NONO,DAZAP1,0.0,0.0,0.14,0.128,0,
PTBP1,NONO,FUBP1,0.0,0.0,0.17,0.15,0,
PTBP1,NONO,SF3A3,0.0,0.0,0.13,0.128,0,
PTBP1,PCBP2,PRDX1,0.0,0.0,0.15,0.134,0,
PTBP1,PCBP2,SAFB,0.0,0.0,0.18,0.166,0,
PTBP1,PCBP2,SET,0.0,0.0,0.16,0.148,0,
PTBP1,PCBP2,TLE3,0.0,0.0,0.24,0.216,0,
PTBP1,PPP1R10,FUBP3,0.0,0.0,0.19,0.17,0,
PTBP1,PRDX1,AGAP3,0.0,0.0,0.35,0.312,0,
PTBP1,PRDX1,DAZAP1,0.0,0.0,0.38,0.204,0,
PTBP1,PRMT1,EPB41,0.0,0.0,0.34,0.246,0,
PTBP1,PRMT1,PCCA,0.0,0.0,0.23,0.2,0,
PTBP1,PRMT1,SUPT5H,0.0,0.0,0.23,0.2,0,
PTBP1,PSPC1,PTBP1,0.0,0.0,0.14,0.136,0,
PTBP1,PTBP3,PRMT1,0.0,0.0,0.18,0.148,0,
PTBP1,PTBP3,PTBP1,0.0,0.0,0.16,0.152,0,
PTBP1,PTBP3,SUGP2,0.0,0.0,0.23,0.2,0,
PTBP1,RPS12,DAZAP1,0.0,0.0,0.22,0.174,0,
PTBP1,SAR1A,CDC5L,0.0,0.0,0.29,0.188,0,
PTBP1,SAR1A,GFP,0.0,0.0,0.22,0.184,0,
PTBP1,SAR1A,XRN2,0.0,0.0,0.27,0.226,0,
PTBP1,SF1,DDX17,0.0,0.0,0.27,0.196,0,
PTBP1,SFPQ,SNRPC,0.0,0.0,0.15,0.13,0,
PTBP1,SLC3A2,CHERP,0.0,0.0,0.18,0.176,0,
PTBP1,SNRPC,FUBP3,0.0,0.0,0.15,0.134,0,
PTBP1,STIP1,HMGB1,0.0,0.0,0.2,0.156,0,
PTBP1,STIP1,PRDX1,0.0,0.0,0.3,0.244,0,
PTBP1,SUGP2,ANP32A,0.0,0.0,0.26,0.236,0,
PTBP1,SUGP2,PCBP2,0.0,0.0,0.21,0.188,0,
PTBP1,TLE3,CDC5L,0.0,0.0,0.18,0.17,0,
PTBP1,TLE3,PCCA,0.0,0.0,0.23,0.22,0,
PTBP1,XRN2,KHSRP,0.0,0.0,0.33,0.284,0,
PTBP1,ZBTB33,FUBP3,0.0,0.0,0.16,0.156,0,
PTBP1,ZFR,DNAJA1,0.0,0.0,0.19,0.18,0,
PTBP1,ZNF503,PSPC1,0.0,0.0,0.17,0.148,0,
PTBP1,ANP32A,PSPC1,0.0,0.0,0.17,0.16,0,
PTBP1,ANP32A,SLC3A2,0.0,0.0,0.19,0.158,0,
PTBP1,ATP5PD,CDC37,0.0,0.0,0.17,0.136,0,
PTBP1,ATP5PD,ZNF503,0.0,0.0,0.21,0.17,0,
PTBP1,CCAR2,KHSRP,0.0,0.0,0.19,0.18,0,
PTBP1,CCAR2,NONO,0.0,0.0,0.18,0.162,0,
PTBP1,CCAR2,PCBP2,0.0,0.0,0.2,0.182,0,
PTBP1,CCAR2,RAVER1,0.0,0.0,0.24,0.192,0,
PTBP1,CCAR2,SET,0.0,0.0,0.22,0.186,0,
PTBP1,CDK4,PSPC1,0.0,0.0,0.15,0.136,0,
PTBP1,CSTB,AGAP3,0.0,0.0,0.24,0.218,0,
PTBP1,CSTB,PTBP1,0.0,0.0,0.31,0.202,0,
PTBP1,FAM50A,LUC7L2,0.0,0.0,0.15,0.118,0,
PTBP1,FUBP1,DNAJA1,0.0,0.0,0.16,0.14,0,
PTBP1,FUBP1,KHSRP,0.0,0.0,0.17,0.156,0,
PTBP1,FUBP1,PTBP1,0.0,0.0,0.23,0.19,0,
PTBP1,FUS,CDC37,0.0,0.0,0.16,0.136,0,
PTBP1,HMGB1,LUC7L2,0.0,0.0,0.14,0.122,0,
PTBP1,KHSRP,FAM50A,0.0,0.0,0.2,0.17,0,
PTBP1,MATR3,DNAJA1,0.0,0.0,0.2,0.164,0,
PTBP1,MATR3,EPB41,0.0,0.0,0.21,0.19,0,
PTBP1,MRPL12,ATXN2L,0.0,0.0,0.18,0.166,0,
PTBP1,MRPL12,CDC5L,0.0,0.0,0.15,0.136,0,
PTBP1,MRPL12,PPP1R10,0.0,0.0,0.16,0.142,0,
PTBP1,NASP,PRDX1,0.0,0.0,0.25,0.202,0,
PTBP1,NCL,DAZAP1,0.0,0.0,0.2,0.162,0,
PTBP1,PCBP2,SRSF11,0.0,0.0,0.16,0.146,0,
PTBP1,PRDX1,RB1,0.0,0.0,0.22,0.188,0,
PTBP1,PRMT1,NCL,0.0,0.0,0.35,0.228,0,
PTBP1,PRMT1,RB1,0.0,0.0,0.29,0.196,0,
PTBP1,PRMT1,SF1,0.0,0.0,0.17,0.164,0,
PTBP1,PRMT1,TXN,0.0,0.0,0.16,0.142,0,
PTBP1,PSPC1,GFP,0.0,0.0,0.17,0.132,0,
PTBP1,PTBP3,SNRPC,0.0,0.0,0.14,0.13,0,
PTBP1,RAVER1,PPP1R10,0.0,0.0,0.19,0.182,0,
PTBP1,RB1,DHX15,0.0,0.0,0.28,0.252,0,
PTBP1,RBM4,NCL,0.0,0.0,0.16,0.154,0,
PTBP1,SAFB,PTBP1,0.0,0.0,0.19,0.18,0,
PTBP1,SAR1A,CCNT1,0.0,0.0,0.25,0.188,0,
PTBP1,SAR1A,SF3A3,0.0,0.0,0.19,0.158,0,
PTBP1,SF1,PRDX1,0.0,0.0,0.18,0.148,0,
PTBP1,SLC3A2,RBM33,0.0,0.0,0.19,0.182,0,
PTBP1,SMAP,DAZAP1,0.0,0.0,0.15,0.128,0,
PTBP1,SMAP,PCCA,0.0,0.0,0.19,0.174,0,
PTBP1,SNRPC,DAZAP1,0.0,0.0,0.15,0.136,0,
PTBP1,SNRPC,PPP1R10,0.0,0.0,0.18,0.16,0,
PTBP1,SNRPC,XRN2,0.0,0.0,0.21,0.188,0,
PTBP1,TLE3,AGAP3,0.0,0.0,0.21,0.206,0,
PTBP1,U2SURP,LUC7L2,0.0,0.0,0.18,0.164,0,
PTBP1,XRN2,DHX15,0.0,0.0,0.32,0.254,0,
PTBP1,XRN2,EDC3,0.0,0.0,0.28,0.216,0,
PTBP1,XRN2,ZBTB33,0.0,0.0,0.21,0.2,0,
PTBP1,ANP32A,SRSF11,0.0,0.0,0.17,0.122,0,
PTBP1,ATP5PD,DAZAP1,0.0,0.0,0.12,0.106,0,
PTBP1,CCAR2,SF1,0.0,0.0,0.19,0.176,0,
PTBP1,CDC37,SF3A3,0.0,0.0,0.16,0.132,0,
PTBP1,CDK4,ATXN2L,0.0,0.0,0.28,0.258,0,
PTBP1,CDK4,PCCA,0.0,0.0,0.24,0.224,0,
PTBP1,CDK4,ZBTB33,0.0,0.0,0.31,0.232,0,
PTBP1,CHERP,PSPC1,0.0,0.0,0.18,0.162,0,
PTBP1,CSTB,DDX17,0.0,0.0,0.18,0.164,0,
PTBP1,CSTB,FAM50A,0.0,0.0,0.18,0.144,0,
PTBP1,EDC3,SLC3A2,0.0,0.0,0.16,0.158,0,
PTBP1,EPB41,CDC5L,0.0,0.0,0.2,0.178,0,
PTBP1,EPB41,CSTB,0.0,0.0,0.22,0.192,0,
PTBP1,FUBP1,FUS,0.0,0.0,0.17,0.158,0,
PTBP1,FUBP3,PCCA,0.0,0.0,0.2,0.184,0,
PTBP1,FUS,NCL,0.0,0.0,0.17,0.156,0,
PTBP1,HMGB1,SRSF11,0.0,0.0,0.24,0.158,0,
PTBP1,KHSRP,CDC5L,0.0,0.0,0.18,0.17,0,
PTBP1,KHSRP,NCL,0.0,0.0,0.17,0.164,0,
PTBP1,MRPL12,CCNT1,0.0,0.0,0.19,0.166,0,
PTBP1,MRPL12,U2SURP,0.0,0.0,0.19,0.176,0,
PTBP1,NCL,GFP,0.0,0.0,0.22,0.202,0,
PTBP1,NCL,PTBP1,0.0,0.0,0.17,0.156,0,
PTBP1,NONO,CDC37,0.0,0.0,0.13,0.122,0,
PTBP1,PCBP2,CHERP,0.0,0.0,0.25,0.212,0,
PTBP1,PTBP1,GFP,0.0,0.0,0.15,0.14,0,
PTBP1,PTBP3,ATP5PD,0.0,0.0,0.17,0.13,0,
PTBP1,PTBP3,SF1,0.0,0.0,0.17,0.154,0,
PTBP1,RAVER1,CDC5L,0.0,0.0,0.17,0.156,0,
PTBP1,RAVER1,SF1,0.0,0.0,0.2,0.166,0,
PTBP1,RBM4,DNAJA1,0.0,0.0,0.12,0.12,0,
PTBP1,RBM4,PCCA,0.0,0.0,0.18,0.168,0,
PTBP1,RPS12,CDC37,0.0,0.0,0.21,0.14,0,
PTBP1,RPS12,CDC5L,0.0,0.0,0.33,0.206,0,
PTBP1,SAR1A,LUC7L2,0.0,0.0,0.24,0.172,0,
PTBP1,SAR1A,MRPL12,0.0,0.0,0.17,0.134,0,
PTBP1,SAR1A,PDK1,0.0,0.0,0.21,0.16,0,
PTBP1,SET,ANP32A,0.0,0.0,0.26,0.154,0,
PTBP1,SF1,PSPC1,0.0,0.0,0.19,0.154,0,
PTBP1,SF1,ZBTB33,0.0,0.0,0.17,0.16,0,
PTBP1,SF3B2,HMGB1,0.0,0.0,0.19,0.172,0,
PTBP1,SFPQ,ATXN2L,0.0,0.0,0.19,0.172,0,
PTBP1,SFPQ,CHERP,0.0,0.0,0.17,0.164,0,
PTBP1,SFPQ,PPP1R10,0.0,0.0,0.2,0.174,0,
PTBP1,SFPQ,RB1,0.0,0.0,0.17,0.166,0,
PTBP1,SFPQ,RPS12,0.0,0.0,0.15,0.132,0,
PTBP1,SFPQ,SF3B2,0.0,0.0,0.17,0.16,0,
PTBP1,SLC3A2,CDC5L,0.0,0.0,0.17,0.162,0,
PTBP1,SLC3A2,GFP,0.0,0.0,0.2,0.176,0,
PTBP1,SMAP,CIZ1,0.0,0.0,0.19,0.172,0,
PTBP1,STIP1,CDC5L,0.0,0.0,0.19,0.162,0,
PTBP1,SUPT5H,DNAJA1,0.0,0.0,0.26,0.188,0,
PTBP1,TLE3,RPS12,0.0,0.0,0.3,0.246,0,
PTBP1,TXN,CDC37,0.0,0.0,0.17,0.14,0,
PTBP1,TXN,CHERP,0.0,0.0,0.29,0.218,0,
PTBP1,TXN,FUBP3,0.0,0.0,0.2,0.168,0,
PTBP1,TXN,GFP,0.0,0.0,0.16,0.156,0,
PTBP1,XRN2,PRDX1,0.0,0.0,0.18,0.17,0,
PTBP1,ZBTB33,CDC37,0.0,0.0,0.26,0.206,0,
PTBP1,ZFR,SF3A3,0.0,0.0,0.33,0.228,0,
PTBP1,ATP5PD,FUBP3,0.0,0.0,0.14,0.124,0,
PTBP1,ATP5PD,RBM33,0.0,0.0,0.2,0.182,0,
PTBP1,ATXN2L,PRDX1,0.0,0.0,0.18,0.162,0,
PTBP1,CCAR2,ANP32A,0.0,0.0,0.28,0.214,0,
PTBP1,CCAR2,CSTB,0.0,0.0,0.22,0.18,0,
PTBP1,CCAR2,FUS,0.0,0.0,0.18,0.172,0,
PTBP1,CCNT1,LUC7L2,0.0,0.0,0.2,0.168,0,
PTBP1,CCNT1,PPP1R10,0.0,0.0,0.2,0.194,0,
PTBP1,CDC37,PTBP1,0.0,0.0,0.14,0.132,0,
PTBP1,CDK4,CDC37,0.0,0.0,0.24,0.162,0,
PTBP1,CDK4,GFP,0.0,0.0,0.26,0.194,0,
PTBP1,CSTB,NCL,0.0,0.0,0.21,0.172,0,
PTBP1,CSTB,ZNF503,0.0,0.0,0.18,0.164,0,
PTBP1,EDC3,PCCA,0.0,0.0,0.26,0.194,0,
PTBP1,EPB41,PRDX1,0.0,0.0,0.27,0.226,0,
PTBP1,EPB41,PTBP1,0.0,0.0,0.21,0.2,0,
PTBP1,FAM50A,SF3A3,0.0,0.0,0.17,0.132,0,
PTBP1,FAM50A,U2SURP,0.0,0.0,0.18,0.164,0,
PTBP1,FUBP1,DAZAP1,0.0,0.0,0.15,0.144,0,
PTBP1,FUBP3,PTBP1,0.0,0.0,0.15,0.15,0,
PTBP1,HMGB1,DHX15,0.0,0.0,0.19,0.172,0,
PTBP1,HMGB1,DNAJA1,0.0,0.0,0.13,0.114,0,
PTBP1,MATR3,CDC5L,0.0,0.0,0.19,0.17,0,
PTBP1,MATR3,PCCA,0.0,0.0,0.21,0.194,0,
PTBP1,MRPL12,LUC7L2,0.0,0.0,0.13,0.12,0,
PTBP1,MRPL12,PRDX1,0.0,0.0,0.14,0.116,0,
PTBP1,MRPL12,SF3A3,0.0,0.0,0.14,0.124,0,
PTBP1,NCL,DDX17,0.0,0.0,0.18,0.174,0,
PTBP1,NCL,HMGB1,0.0,0.0,0.14,0.142,0,
PTBP1,NCL,ZNF503,0.0,0.0,0.17,0.166,0,
PTBP1,NONO,CDK4,0.0,0.0,0.13,0.126,0,
PTBP1,NONO,DNAJA1,0.0,0.0,0.17,0.14,0,
PTBP1,NONO,NCL,0.0,0.0,0.15,0.146,0,
PTBP1,NONO,SET,0.0,0.0,0.11,0.108,0,
PTBP1,NONO,SF1,0.0,0.0,0.16,0.138,0,
PTBP1,PCBP2,NCL,0.0,0.0,0.21,0.168,0,
PTBP1,PCCA,AGAP3,0.0,0.0,0.21,0.202,0,
PTBP1,PDK1,CCNT1,0.0,0.0,0.33,0.212,0,
PTBP1,PRMT1,DDX17,0.0,0.0,0.18,0.164,0,
PTBP1,PRMT1,EDC3,0.0,0.0,0.22,0.196,0,
PTBP1,PRMT1,SLC3A2,0.0,0.0,0.18,0.164,0,
PTBP1,PTBP3,FAM50A,0.0,0.0,0.15,0.134,0,
PTBP1,PTBP3,PDK1,0.0,0.0,0.26,0.176,0,
PTBP1,PTBP3,TXN,0.0,0.0,0.2,0.17,0,
PTBP1,RAVER1,PDK1,0.0,0.0,0.19,0.182,0,
PTBP1,RB1,LUC7L2,0.0,0.0,0.24,0.184,0,
PTBP1,RB1,PTBP1,0.0,0.0,0.19,0.184,0,
PTBP1,RPS12,PDK1,0.0,0.0,0.19,0.132,0,
PTBP1,SAR1A,PPP1R10,0.0,0.0,0.32,0.254,0,
PTBP1,SAR1A,SF3B2,0.0,0.0,0.27,0.192,0,
PTBP1,SF1,AGAP3,0.0,0.0,0.2,0.186,0,
PTBP1,SF1,HMGB1,0.0,0.0,0.16,0.15,0,
PTBP1,SF3B2,PCCA,0.0,0.0,0.29,0.204,0,
PTBP1,SF3B2,RAVER1,0.0,0.0,0.17,0.166,0,
PTBP1,SF3B2,SRSF11,0.0,0.0,0.2,0.166,0,
PTBP1,SFPQ,CCNT1,0.0,0.0,0.16,0.154,0,
PTBP1,SFPQ,MRPL12,0.0,0.0,0.14,0.132,0,
PTBP1,SLC3A2,FUBP3,0.0,0.0,0.16,0.156,0,
PTBP1,SMAP,CSTB,0.0,0.0,0.1,0.09,0,
PTBP1,SMAP,FUBP1,0.0,0.0,0.15,0.138,0,
PTBP1,SNRPC,SF1,0.0,0.0,0.21,0.182,0,
PTBP1,SUGP2,PRDX1,0.0,0.0,0.36,0.27,0,
PTBP1,SUGP2,SLC3A2,0.0,0.0,0.19,0.18,0,
PTBP1,SUPT5H,PCCA,0.0,0.0,0.2,0.194,0,
PTBP1,TXN,DAZAP1,0.0,0.0,0.23,0.176,0,
PTBP1,TXN,FAM50A,0.0,0.0,0.27,0.174,0,
PTBP1,ZBTB33,CHERP,0.0,0.0,0.19,0.174,0,
PTBP1,ZFR,CDC5L,0.0,0.0,0.21,0.2,0,
PTBP1,AGAP3,FAM50A,0.0,0.0,0.21,0.176,0,
PTBP1,ATXN2L,NCL,0.0,0.0,0.19,0.182,0,
PTBP1,CCAR2,HMGB1,0.0,0.0,0.2,0.178,0,
PTBP1,CCAR2,SNRPC,0.0,0.0,0.19,0.158,0,
PTBP1,CCNT1,PRDX1,0.0,0.0,0.26,0.206,0,
PTBP1,CDK4,DNAJA1,0.0,0.0,0.16,0.146,0,
PTBP1,CDK4,HMGB1,0.0,0.0,0.17,0.144,0,
PTBP1,CDK4,U2SURP,0.0,0.0,0.22,0.2,0,
PTBP1,CSTB,RBM33,0.0,0.0,0.24,0.204,0,
PTBP1,DDX17,AGAP3,0.0,0.0,0.22,0.206,0,
PTBP1,DDX17,CDC5L,0.0,0.0,0.2,0.182,0,
PTBP1,DDX17,FUBP3,0.0,0.0,0.26,0.208,0,
PTBP1,DNAJA1,GFP,0.0,0.0,0.34,0.168,0,
PTBP1,EDC3,DNAJA1,0.0,0.0,0.16,0.142,0,
PTBP1,EDC3,GFP,0.0,0.0,0.19,0.164,0,
PTBP1,EDC3,PSPC1,0.0,0.0,0.33,0.184,0,
PTBP1,EDC3,SRSF11,0.0,0.0,0.16,0.148,0,
PTBP1,FUBP1,SLC3A2,0.0,0.0,0.17,0.162,0,
PTBP1,FUS,ANP32A,0.0,0.0,0.16,0.14,0,
PTBP1,FUS,DHX15,0.0,0.0,0.24,0.228,0,
PTBP1,FUS,RPS12,0.0,0.0,0.22,0.174,0,
PTBP1,KHSRP,CSTB,0.0,0.0,0.31,0.218,0,
PTBP1,KHSRP,DAZAP1,0.0,0.0,0.16,0.152,0,
PTBP1,KHSRP,RBM4,0.0,0.0,0.19,0.158,0,
PTBP1,MATR3,CDK4,0.0,0.0,0.27,0.228,0,
PTBP1,MATR3,SF1,0.0,0.0,0.18,0.166,0,
PTBP1,NCL,FUBP3,0.0,0.0,0.16,0.158,0,
PTBP1,NONO,PRMT1,0.0,0.0,0.18,0.166,0,
PTBP1,PCBP2,ATXN2L,0.0,0.0,0.24,0.2,0,
PTBP1,PCBP2,FUS,0.0,0.0,0.16,0.154,0,
PTBP1,PRDX1,CDC5L,0.0,0.0,0.2,0.164,0,
PTBP1,PRDX1,LUC7L2,0.0,0.0,0.21,0.162,0,
PTBP1,PRDX1,RBM33,0.0,0.0,0.5,0.346,0,
PTBP1,PRDX1,U2SURP,0.0,0.0,0.2,0.192,0,
PTBP1,PRMT1,RAVER1,0.0,0.0,0.24,0.196,0,
PTBP1,PRMT1,STIP1,0.0,0.0,0.24,0.18,0,
PTBP1,PSPC1,U2SURP,0.0,0.0,0.26,0.198,0,
PTBP1,PTBP3,CDK4,0.0,0.0,0.19,0.172,0,
PTBP1,PTBP3,SLC3A2,0.0,0.0,0.17,0.168,0,
PTBP1,RAVER1,PSPC1,0.0,0.0,0.15,0.142,0,
PTBP1,RAVER1,SLC3A2,0.0,0.0,0.18,0.17,0,
PTBP1,RBM4,DDX17,0.0,0.0,0.18,0.174,0,
PTBP1,RBM4,ZNF503,0.0,0.0,0.15,0.142,0,
PTBP1,RPS12,HMGB1,0.0,0.0,0.15,0.134,0,
PTBP1,SAR1A,ANP32A,0.0,0.0,0.26,0.226,0,
PTBP1,SAR1A,PRMT1,0.0,0.0,0.18,0.17,0,
PTBP1,SAR1A,SLC3A2,0.0,0.0,0.27,0.21,0,
PTBP1,SET,EDC3,0.0,0.0,0.14,0.132,0,
PTBP1,SET,LUC7L2,0.0,0.0,0.17,0.13,0,
PTBP1,SFPQ,RBM33,0.0,0.0,0.24,0.222,0,
PTBP1,SFPQ,SF1,0.0,0.0,0.16,0.148,0,
PTBP1,SFPQ,ZBTB33,0.0,0.0,0.16,0.152,0,
PTBP1,SNRPC,GFP,0.0,0.0,0.16,0.148,0,
PTBP1,SNRPC,PTBP1,0.0,0.0,0.14,0.134,0,
PTBP1,STIP1,LUC7L2,0.0,0.0,0.18,0.156,0,
PTBP1,STIP1,PTBP1,0.0,0.0,0.21,0.162,0,
PTBP1,SUGP2,RAVER1,0.0,0.0,0.2,0.192,0,
PTBP1,SUPT5H,DDX17,0.0,0.0,0.27,0.226,0,
PTBP1,SUPT5H,TXN,0.0,0.0,0.2,0.182,0,
PTBP1,XRN2,CDC5L,0.0,0.0,0.27,0.22,0,
PTBP1,XRN2,FAM50A,0.0,0.0,0.2,0.178,0,
PTBP1,XRN2,PSPC1,0.0,0.0,0.18,0.172,0,
PTBP1,XRN2,SF1,0.0,0.0,0.22,0.2,0,
PTBP1,ZNF503,PTBP1,0.0,0.0,0.18,0.164,0,
